1518878.010042,"n01518878_10042.JPEG"
1518878.012028,"n01518878_12028.JPEG"
1518878.014075,"n01518878_14075.JPEG"
1518878.014910,"n01518878_14910.JPEG"
1518878.005958,"n01518878_5958.JPEG"
1518878.007346,"n01518878_7346.JPEG"
1518878.007579,"n01518878_7579.JPEG"
1518878.008432,"n01518878_8432.JPEG"
1639765.022407,"n01639765_22407.JPEG"
1639765.032862,"n01639765_32862.JPEG"
1639765.037122,"n01639765_37122.JPEG"
1639765.040261,"n01639765_40261.JPEG"
1639765.044823,"n01639765_44823.JPEG"
1639765.047681,"n01639765_47681.JPEG"
1639765.048759,"n01639765_48759.JPEG"
1639765.052902,"n01639765_52902.JPEG"
1645776.010130,"n01645776_10130.JPEG"
1645776.010758,"n01645776_10758.JPEG"
1645776.008522,"n01645776_8522.JPEG"
1645776.008879,"n01645776_8879.JPEG"
1645776.009361,"n01645776_9361.JPEG"
1645776.009576,"n01645776_9576.JPEG"
1645776.009693,"n01645776_9693.JPEG"
1645776.009743,"n01645776_9743.JPEG"
1664990.010648,"n01664990_10648.JPEG"
1664990.013731,"n01664990_13731.JPEG"
1664990.016740,"n01664990_16740.JPEG"
1664990.018293,"n01664990_18293.JPEG"
1664990.019129,"n01664990_19129.JPEG"
1664990.019923,"n01664990_19923.JPEG"
1664990.000065,"n01664990_65.JPEG"
1664990.007133,"n01664990_7133.JPEG"
1704323.010031,"n01704323_10031.JPEG"
1704323.010239,"n01704323_10239.JPEG"
1704323.010394,"n01704323_10394.JPEG"
1704323.005092,"n01704323_5092.JPEG"
1704323.008008,"n01704323_8008.JPEG"
1704323.008767,"n01704323_8767.JPEG"
1704323.009172,"n01704323_9172.JPEG"
1704323.009812,"n01704323_9812.JPEG"
1726692.018809,"n01726692_18809.JPEG"
1726692.021053,"n01726692_21053.JPEG"
1726692.030357,"n01726692_30357.JPEG"
1726692.031558,"n01726692_31558.JPEG"
1726692.008404,"n01726692_8404.JPEG"
1726692.008752,"n01726692_8752.JPEG"
1726692.008975,"n01726692_8975.JPEG"
1726692.009090,"n01726692_9090.JPEG"
1768244.010258,"n01768244_10258.JPEG"
1768244.011944,"n01768244_11944.JPEG"
1768244.006450,"n01768244_6450.JPEG"
1768244.007012,"n01768244_7012.JPEG"
1768244.007788,"n01768244_7788.JPEG"
1768244.008871,"n01768244_8871.JPEG"
1768244.009298,"n01768244_9298.JPEG"
1768244.009890,"n01768244_9890.JPEG"
1770393.010195,"n01770393_10195.JPEG"
1770393.012152,"n01770393_12152.JPEG"
1770393.014471,"n01770393_14471.JPEG"
1770393.018012,"n01770393_18012.JPEG"
1770393.021218,"n01770393_21218.JPEG"
1770393.024657,"n01770393_24657.JPEG"
1770393.028281,"n01770393_28281.JPEG"
1770393.029944,"n01770393_29944.JPEG"
1772222.010420,"n01772222_10420.JPEG"
1772222.011060,"n01772222_11060.JPEG"
1772222.011885,"n01772222_11885.JPEG"
1772222.012097,"n01772222_12097.JPEG"
1772222.012347,"n01772222_12347.JPEG"
1772222.012605,"n01772222_12605.JPEG"
1772222.013749,"n01772222_13749.JPEG"
1772222.016161,"n01772222_16161.JPEG"
1784675.013237,"n01784675_13237.JPEG"
1784675.014624,"n01784675_14624.JPEG"
1784675.015243,"n01784675_15243.JPEG"
1784675.015784,"n01784675_15784.JPEG"
1784675.018607,"n01784675_18607.JPEG"
1784675.020773,"n01784675_20773.JPEG"
1784675.022328,"n01784675_22328.JPEG"
1784675.009652,"n01784675_9652.JPEG"
1787835.010128,"n01787835_10128.JPEG"
1787835.010392,"n01787835_10392.JPEG"
1787835.011338,"n01787835_11338.JPEG"
1787835.012178,"n01787835_12178.JPEG"
1787835.012357,"n01787835_12357.JPEG"
1787835.013122,"n01787835_13122.JPEG"
1787835.013550,"n01787835_13550.JPEG"
1787835.009197,"n01787835_9197.JPEG"
1833805.011890,"n01833805_11890.JPEG"
1833805.012045,"n01833805_12045.JPEG"
1833805.012155,"n01833805_12155.JPEG"
1833805.012464,"n01833805_12464.JPEG"
1833805.013268,"n01833805_13268.JPEG"
1833805.013294,"n01833805_13294.JPEG"
1833805.007892,"n01833805_7892.JPEG"
1833805.009089,"n01833805_9089.JPEG"
1855672.011785,"n01855672_11785.JPEG"
1855672.013449,"n01855672_13449.JPEG"
1855672.014080,"n01855672_14080.JPEG"
1855672.014199,"n01855672_14199.JPEG"
1855672.015310,"n01855672_15310.JPEG"
1855672.015767,"n01855672_15767.JPEG"
1855672.015809,"n01855672_15809.JPEG"
1855672.015900,"n01855672_15900.JPEG"
1877134.010188,"n01877134_10188.JPEG"
1877134.010662,"n01877134_10662.JPEG"
1877134.011102,"n01877134_11102.JPEG"
1877134.011344,"n01877134_11344.JPEG"
1877134.011538,"n01877134_11538.JPEG"
1877134.011903,"n01877134_11903.JPEG"
1877134.011991,"n01877134_11991.JPEG"
1877134.008213,"n01877134_8213.JPEG"
1944390.016184,"n01944390_16184.JPEG"
1944390.018585,"n01944390_18585.JPEG"
1944390.019503,"n01944390_19503.JPEG"
1944390.019988,"n01944390_19988.JPEG"
1944390.020511,"n01944390_20511.JPEG"
1944390.020670,"n01944390_20670.JPEG"
1944390.020981,"n01944390_20981.JPEG"
1944390.021065,"n01944390_21065.JPEG"
1963571.011908,"n01963571_11908.JPEG"
1963571.014820,"n01963571_14820.JPEG"
1963571.016954,"n01963571_16954.JPEG"
1963571.019280,"n01963571_19280.JPEG"
1963571.019866,"n01963571_19866.JPEG"
1963571.028170,"n01963571_28170.JPEG"
1963571.005610,"n01963571_5610.JPEG"
1963571.007996,"n01963571_7996.JPEG"
1970164.012603,"n01970164_12603.JPEG"
1970164.014781,"n01970164_14781.JPEG"
1970164.019716,"n01970164_19716.JPEG"
1970164.023221,"n01970164_23221.JPEG"
1970164.026421,"n01970164_26421.JPEG"
1970164.028566,"n01970164_28566.JPEG"
1970164.030420,"n01970164_30420.JPEG"
1970164.030734,"n01970164_30734.JPEG"
2005790.010287,"n02005790_10287.JPEG"
2005790.011191,"n02005790_11191.JPEG"
2005790.011821,"n02005790_11821.JPEG"
2005790.001902,"n02005790_1902.JPEG"
2005790.003943,"n02005790_3943.JPEG"
2005790.005354,"n02005790_5354.JPEG"
2005790.007527,"n02005790_7527.JPEG"
2005790.009371,"n02005790_9371.JPEG"
2054036.012238,"n02054036_12238.JPEG"
2054036.015344,"n02054036_15344.JPEG"
2054036.017099,"n02054036_17099.JPEG"
2054036.019199,"n02054036_19199.JPEG"
2054036.021993,"n02054036_21993.JPEG"
2054036.005709,"n02054036_5709.JPEG"
2054036.007221,"n02054036_7221.JPEG"
2054036.009789,"n02054036_9789.JPEG"
2055803.004843,"n02055803_4843.JPEG"
2055803.005499,"n02055803_5499.JPEG"
2055803.006095,"n02055803_6095.JPEG"
2055803.007345,"n02055803_7345.JPEG"
2055803.007877,"n02055803_7877.JPEG"
2055803.008152,"n02055803_8152.JPEG"
2055803.009018,"n02055803_9018.JPEG"
2055803.009893,"n02055803_9893.JPEG"
2068974.000106,"n02068974_106.JPEG"
2068974.013351,"n02068974_13351.JPEG"
2068974.017710,"n02068974_17710.JPEG"
2068974.002736,"n02068974_2736.JPEG"
2068974.004003,"n02068974_4003.JPEG"
2068974.004884,"n02068974_4884.JPEG"
2068974.006018,"n02068974_6018.JPEG"
2068974.007285,"n02068974_7285.JPEG"
2084071.014426,"n02084071_14426.JPEG"
2084071.017818,"n02084071_17818.JPEG"
2084071.021054,"n02084071_21054.JPEG"
2084071.023836,"n02084071_23836.JPEG"
2084071.027182,"n02084071_27182.JPEG"
2084071.028249,"n02084071_28249.JPEG"
2084071.030865,"n02084071_30865.JPEG"
2084071.034874,"n02084071_34874.JPEG"
2090827.010084,"n02090827_10084.JPEG"
2090827.011579,"n02090827_11579.JPEG"
2090827.013480,"n02090827_13480.JPEG"
2090827.017605,"n02090827_17605.JPEG"
2090827.005708,"n02090827_5708.JPEG"
2090827.007426,"n02090827_7426.JPEG"
2090827.009305,"n02090827_9305.JPEG"
2090827.009359,"n02090827_9359.JPEG"
2131653.010825,"n02131653_10825.JPEG"
2131653.012495,"n02131653_12495.JPEG"
2131653.013952,"n02131653_13952.JPEG"
2131653.002806,"n02131653_2806.JPEG"
2131653.003900,"n02131653_3900.JPEG"
2131653.005107,"n02131653_5107.JPEG"
2131653.006220,"n02131653_6220.JPEG"
2131653.007902,"n02131653_7902.JPEG"
2226429.011460,"n02226429_11460.JPEG"
2226429.012778,"n02226429_12778.JPEG"
2226429.013460,"n02226429_13460.JPEG"
2226429.014311,"n02226429_14311.JPEG"
2226429.015538,"n02226429_15538.JPEG"
2226429.017165,"n02226429_17165.JPEG"
2226429.017436,"n02226429_17436.JPEG"
2226429.009440,"n02226429_9440.JPEG"
2233338.001068,"n02233338_1068.JPEG"
2233338.013505,"n02233338_13505.JPEG"
2233338.017205,"n02233338_17205.JPEG"
2233338.017552,"n02233338_17552.JPEG"
2233338.000214,"n02233338_214.JPEG"
2233338.003494,"n02233338_3494.JPEG"
2233338.006133,"n02233338_6133.JPEG"
2233338.009484,"n02233338_9484.JPEG"
2236241.001360,"n02236241_1360.JPEG"
2236241.014526,"n02236241_14526.JPEG"
2236241.003660,"n02236241_3660.JPEG"
2236241.005223,"n02236241_5223.JPEG"
2236241.006498,"n02236241_6498.JPEG"
2236241.006815,"n02236241_6815.JPEG"
2236241.007166,"n02236241_7166.JPEG"
2236241.008966,"n02236241_8966.JPEG"
2317335.011408,"n02317335_11408.JPEG"
2317335.014310,"n02317335_14310.JPEG"
2317335.017604,"n02317335_17604.JPEG"
2317335.020064,"n02317335_20064.JPEG"
2317335.021319,"n02317335_21319.JPEG"
2317335.024617,"n02317335_24617.JPEG"
2317335.030508,"n02317335_30508.JPEG"
2317335.006776,"n02317335_6776.JPEG"
2346627.010311,"n02346627_10311.JPEG"
2346627.012197,"n02346627_12197.JPEG"
2346627.013993,"n02346627_13993.JPEG"
2346627.017176,"n02346627_17176.JPEG"
2346627.022283,"n02346627_22283.JPEG"
2346627.002234,"n02346627_2234.JPEG"
2346627.005663,"n02346627_5663.JPEG"
2346627.007809,"n02346627_7809.JPEG"
2374451.011539,"n02374451_11539.JPEG"
2374451.012720,"n02374451_12720.JPEG"
2374451.014233,"n02374451_14233.JPEG"
2374451.015307,"n02374451_15307.JPEG"
2374451.017284,"n02374451_17284.JPEG"
2374451.018010,"n02374451_18010.JPEG"
2374451.018054,"n02374451_18054.JPEG"
2374451.019966,"n02374451_19966.JPEG"
2391049.010452,"n02391049_10452.JPEG"
2391049.002286,"n02391049_2286.JPEG"
2391049.002789,"n02391049_2789.JPEG"
2391049.003228,"n02391049_3228.JPEG"
2391049.004569,"n02391049_4569.JPEG"
2391049.006026,"n02391049_6026.JPEG"
2391049.007263,"n02391049_7263.JPEG"
2391049.008178,"n02391049_8178.JPEG"
2432983.013166,"n02432983_13166.JPEG"
2432983.016049,"n02432983_16049.JPEG"
2432983.018327,"n02432983_18327.JPEG"
2432983.020705,"n02432983_20705.JPEG"
2432983.023132,"n02432983_23132.JPEG"
2432983.024646,"n02432983_24646.JPEG"
2432983.031019,"n02432983_31019.JPEG"
2432983.009121,"n02432983_9121.JPEG"
2439033.011666,"n02439033_11666.JPEG"
2439033.014148,"n02439033_14148.JPEG"
2439033.015634,"n02439033_15634.JPEG"
2439033.017123,"n02439033_17123.JPEG"
2439033.004722,"n02439033_4722.JPEG"
2439033.006549,"n02439033_6549.JPEG"
2439033.008005,"n02439033_8005.JPEG"
2439033.009911,"n02439033_9911.JPEG"
2445715.010261,"n02445715_10261.JPEG"
2445715.012246,"n02445715_12246.JPEG"
2445715.013221,"n02445715_13221.JPEG"
2445715.015094,"n02445715_15094.JPEG"
2445715.017475,"n02445715_17475.JPEG"
2445715.003558,"n02445715_3558.JPEG"
2445715.005508,"n02445715_5508.JPEG"
2445715.000834,"n02445715_834.JPEG"
2472293.011152,"n02472293_11152.JPEG"
2472293.000131,"n02472293_131.JPEG"
2472293.013453,"n02472293_13453.JPEG"
2472293.024267,"n02472293_24267.JPEG"
2472293.034273,"n02472293_34273.JPEG"
2472293.003508,"n02472293_3508.JPEG"
2472293.046249,"n02472293_46249.JPEG"
2472293.005718,"n02472293_5718.JPEG"
2480855.011704,"n02480855_11704.JPEG"
2480855.013432,"n02480855_13432.JPEG"
2480855.014628,"n02480855_14628.JPEG"
2480855.016790,"n02480855_16790.JPEG"
2480855.018583,"n02480855_18583.JPEG"
2480855.020865,"n02480855_20865.JPEG"
2480855.008638,"n02480855_8638.JPEG"
2480855.009990,"n02480855_9990.JPEG"
2481823.012066,"n02481823_12066.JPEG"
2481823.013867,"n02481823_13867.JPEG"
2481823.015941,"n02481823_15941.JPEG"
2481823.018421,"n02481823_18421.JPEG"
2481823.020882,"n02481823_20882.JPEG"
2481823.023004,"n02481823_23004.JPEG"
2481823.005715,"n02481823_5715.JPEG"
2481823.008477,"n02481823_8477.JPEG"
2503517.010053,"n02503517_10053.JPEG"
2503517.012142,"n02503517_12142.JPEG"
2503517.003324,"n02503517_3324.JPEG"
2503517.004892,"n02503517_4892.JPEG"
2503517.005673,"n02503517_5673.JPEG"
2503517.007340,"n02503517_7340.JPEG"
2503517.008447,"n02503517_8447.JPEG"
2503517.009095,"n02503517_9095.JPEG"
2508213.010059,"n02508213_10059.JPEG"
2508213.011465,"n02508213_11465.JPEG"
2508213.013042,"n02508213_13042.JPEG"
2508213.013464,"n02508213_13464.JPEG"
2508213.016531,"n02508213_16531.JPEG"
2508213.003777,"n02508213_3777.JPEG"
2508213.005695,"n02508213_5695.JPEG"
2508213.007987,"n02508213_7987.JPEG"
2692877.010393,"n02692877_10393.JPEG"
2692877.011314,"n02692877_11314.JPEG"
2692877.014682,"n02692877_14682.JPEG"
2692877.015805,"n02692877_15805.JPEG"
2692877.017833,"n02692877_17833.JPEG"
2692877.019950,"n02692877_19950.JPEG"
2692877.031838,"n02692877_31838.JPEG"
2692877.007319,"n02692877_7319.JPEG"
2766534.010312,"n02766534_10312.JPEG"
2766534.013147,"n02766534_13147.JPEG"
2766534.000137,"n02766534_137.JPEG"
2766534.015976,"n02766534_15976.JPEG"
2766534.018271,"n02766534_18271.JPEG"
2766534.021124,"n02766534_21124.JPEG"
2766534.034864,"n02766534_34864.JPEG"
2766534.064673,"n02766534_64673.JPEG"
2769748.015626,"n02769748_15626.JPEG"
2769748.020423,"n02769748_20423.JPEG"
2769748.026776,"n02769748_26776.JPEG"
2769748.032217,"n02769748_32217.JPEG"
2769748.033148,"n02769748_33148.JPEG"
2769748.037730,"n02769748_37730.JPEG"
2769748.043506,"n02769748_43506.JPEG"
2769748.052896,"n02769748_52896.JPEG"
2799175.011275,"n02799175_11275.JPEG"
2799175.013505,"n02799175_13505.JPEG"
2799175.014140,"n02799175_14140.JPEG"
2799175.015265,"n02799175_15265.JPEG"
2799175.015904,"n02799175_15904.JPEG"
2799175.016780,"n02799175_16780.JPEG"
2799175.007198,"n02799175_7198.JPEG"
2799175.009738,"n02799175_9738.JPEG"
2800213.011791,"n02800213_11791.JPEG"
2800213.014662,"n02800213_14662.JPEG"
2800213.015518,"n02800213_15518.JPEG"
2800213.017884,"n02800213_17884.JPEG"
2800213.021205,"n02800213_21205.JPEG"
2800213.003108,"n02800213_3108.JPEG"
2800213.004703,"n02800213_4703.JPEG"
2800213.008939,"n02800213_8939.JPEG"
2802215.013634,"n02802215_13634.JPEG"
2802215.017477,"n02802215_17477.JPEG"
2802215.019473,"n02802215_19473.JPEG"
2802215.021594,"n02802215_21594.JPEG"
2802215.026105,"n02802215_26105.JPEG"
2802215.004806,"n02802215_4806.JPEG"
2802215.006616,"n02802215_6616.JPEG"
2802215.009364,"n02802215_9364.JPEG"
2808440.001235,"n02808440_1235.JPEG"
2808440.015163,"n02808440_15163.JPEG"
2808440.019589,"n02808440_19589.JPEG"
2808440.033372,"n02808440_33372.JPEG"
2808440.038805,"n02808440_38805.JPEG"
2808440.043249,"n02808440_43249.JPEG"
2808440.048297,"n02808440_48297.JPEG"
2808440.005873,"n02808440_5873.JPEG"
2814860.012908,"n02814860_12908.JPEG"
2814860.016731,"n02814860_16731.JPEG"
2814860.018911,"n02814860_18911.JPEG"
2814860.030610,"n02814860_30610.JPEG"
2814860.033006,"n02814860_33006.JPEG"
2814860.035555,"n02814860_35555.JPEG"
2814860.037788,"n02814860_37788.JPEG"
2814860.039856,"n02814860_39856.JPEG"
2841315.010982,"n02841315_10982.JPEG"
2841315.012821,"n02841315_12821.JPEG"
2841315.014915,"n02841315_14915.JPEG"
2841315.016314,"n02841315_16314.JPEG"
2841315.018830,"n02841315_18830.JPEG"
2841315.022761,"n02841315_22761.JPEG"
2841315.024352,"n02841315_24352.JPEG"
2841315.035046,"n02841315_35046.JPEG"
2843158.002978,"n02843158_2978.JPEG"
2843158.004722,"n02843158_4722.JPEG"
2843158.005377,"n02843158_5377.JPEG"
2843158.005600,"n02843158_5600.JPEG"
2843158.006490,"n02843158_6490.JPEG"
2843158.007756,"n02843158_7756.JPEG"
2843158.008492,"n02843158_8492.JPEG"
2843158.009764,"n02843158_9764.JPEG"
2882647.013757,"n02882647_13757.JPEG"
2882647.000169,"n02882647_169.JPEG"
2882647.018337,"n02882647_18337.JPEG"
2882647.020395,"n02882647_20395.JPEG"
2882647.020819,"n02882647_20819.JPEG"
2882647.023990,"n02882647_23990.JPEG"
2882647.003406,"n02882647_3406.JPEG"
2882647.007150,"n02882647_7150.JPEG"
2885462.012304,"n02885462_12304.JPEG"
2885462.013911,"n02885462_13911.JPEG"
2885462.017169,"n02885462_17169.JPEG"
2885462.017642,"n02885462_17642.JPEG"
2885462.019412,"n02885462_19412.JPEG"
2885462.020113,"n02885462_20113.JPEG"
2885462.009267,"n02885462_9267.JPEG"
2885462.009275,"n02885462_9275.JPEG"
2943871.010058,"n02943871_10058.JPEG"
2943871.011050,"n02943871_11050.JPEG"
2943871.003559,"n02943871_3559.JPEG"
2943871.004136,"n02943871_4136.JPEG"
2943871.005579,"n02943871_5579.JPEG"
2943871.006541,"n02943871_6541.JPEG"
2943871.008123,"n02943871_8123.JPEG"
2943871.009326,"n02943871_9326.JPEG"
2974003.001210,"n02974003_1210.JPEG"
2974003.002406,"n02974003_2406.JPEG"
2974003.003328,"n02974003_3328.JPEG"
2974003.004448,"n02974003_4448.JPEG"
2974003.006740,"n02974003_6740.JPEG"
2974003.008115,"n02974003_8115.JPEG"
2974003.008812,"n02974003_8812.JPEG"
2974003.009408,"n02974003_9408.JPEG"
2998003.001995,"n02998003_1995.JPEG"
2998003.002616,"n02998003_2616.JPEG"
2998003.003934,"n02998003_3934.JPEG"
2998003.004611,"n02998003_4611.JPEG"
2998003.005381,"n02998003_5381.JPEG"
2998003.006262,"n02998003_6262.JPEG"
2998003.007121,"n02998003_7121.JPEG"
2998003.007158,"n02998003_7158.JPEG"
3038480.001066,"n03038480_1066.JPEG"
3038480.000199,"n03038480_199.JPEG"
3038480.002196,"n03038480_2196.JPEG"
3038480.000279,"n03038480_279.JPEG"
3038480.000320,"n03038480_320.JPEG"
3038480.003370,"n03038480_3370.JPEG"
3038480.006604,"n03038480_6604.JPEG"
3038480.007843,"n03038480_7843.JPEG"
3063599.002682,"n03063599_2682.JPEG"
3063599.003234,"n03063599_3234.JPEG"
3063599.003835,"n03063599_3835.JPEG"
3063599.004061,"n03063599_4061.JPEG"
3063599.004177,"n03063599_4177.JPEG"
3063599.004360,"n03063599_4360.JPEG"
3063599.004784,"n03063599_4784.JPEG"
3063599.005015,"n03063599_5015.JPEG"
3079230.013074,"n03079230_13074.JPEG"
3079230.016134,"n03079230_16134.JPEG"
3079230.020064,"n03079230_20064.JPEG"
3079230.022337,"n03079230_22337.JPEG"
3079230.026890,"n03079230_26890.JPEG"
3079230.033060,"n03079230_33060.JPEG"
3079230.036697,"n03079230_36697.JPEG"
3079230.008270,"n03079230_8270.JPEG"
3085013.020689,"n03085013_20689.JPEG"
3085013.021300,"n03085013_21300.JPEG"
3085013.022686,"n03085013_22686.JPEG"
3085013.023397,"n03085013_23397.JPEG"
3085013.023800,"n03085013_23800.JPEG"
3085013.023944,"n03085013_23944.JPEG"
3085013.024313,"n03085013_24313.JPEG"
3085013.024642,"n03085013_24642.JPEG"
3085219.003190,"n03085219_3190.JPEG"
3085219.003690,"n03085219_3690.JPEG"
3085219.004267,"n03085219_4267.JPEG"
3085219.005196,"n03085219_5196.JPEG"
3085219.005599,"n03085219_5599.JPEG"
3085219.006529,"n03085219_6529.JPEG"
3085219.007432,"n03085219_7432.JPEG"
3085219.008998,"n03085219_8998.JPEG"
3187595.017111,"n03187595_17111.JPEG"
3187595.003646,"n03187595_3646.JPEG"
3187595.005735,"n03187595_5735.JPEG"
3187595.006454,"n03187595_6454.JPEG"
3187595.007260,"n03187595_7260.JPEG"
3187595.009059,"n03187595_9059.JPEG"
3187595.000091,"n03187595_91.JPEG"
3187595.009726,"n03187595_9726.JPEG"
3209910.013490,"n03209910_13490.JPEG"
3209910.000157,"n03209910_157.JPEG"
3209910.022305,"n03209910_22305.JPEG"
3209910.026897,"n03209910_26897.JPEG"
3209910.029141,"n03209910_29141.JPEG"
3209910.003841,"n03209910_3841.JPEG"
3209910.005373,"n03209910_5373.JPEG"
3209910.008951,"n03209910_8951.JPEG"
3255030.011168,"n03255030_11168.JPEG"
3255030.001413,"n03255030_1413.JPEG"
3255030.018182,"n03255030_18182.JPEG"
3255030.003029,"n03255030_3029.JPEG"
3255030.004834,"n03255030_4834.JPEG"
3255030.000671,"n03255030_671.JPEG"
3255030.007581,"n03255030_7581.JPEG"
3255030.008996,"n03255030_8996.JPEG"
3261776.013358,"n03261776_13358.JPEG"
3261776.016887,"n03261776_16887.JPEG"
3261776.024181,"n03261776_24181.JPEG"
3261776.025824,"n03261776_25824.JPEG"
3261776.027103,"n03261776_27103.JPEG"
3261776.029363,"n03261776_29363.JPEG"
3261776.031671,"n03261776_31671.JPEG"
3261776.040091,"n03261776_40091.JPEG"
3335030.010544,"n03335030_10544.JPEG"
3335030.014253,"n03335030_14253.JPEG"
3335030.018236,"n03335030_18236.JPEG"
3335030.021952,"n03335030_21952.JPEG"
3335030.026098,"n03335030_26098.JPEG"
3335030.041867,"n03335030_41867.JPEG"
3335030.041914,"n03335030_41914.JPEG"
3335030.054164,"n03335030_54164.JPEG"
3345487.011865,"n03345487_11865.JPEG"
3345487.015782,"n03345487_15782.JPEG"
3345487.022197,"n03345487_22197.JPEG"
3345487.002612,"n03345487_2612.JPEG"
3345487.004927,"n03345487_4927.JPEG"
3345487.006365,"n03345487_6365.JPEG"
3345487.007233,"n03345487_7233.JPEG"
3345487.008958,"n03345487_8958.JPEG"
3359137.016646,"n03359137_16646.JPEG"
3359137.019465,"n03359137_19465.JPEG"
3359137.021741,"n03359137_21741.JPEG"
3359137.026112,"n03359137_26112.JPEG"
3359137.031119,"n03359137_31119.JPEG"
3359137.039086,"n03359137_39086.JPEG"
3359137.041860,"n03359137_41860.JPEG"
3359137.044522,"n03359137_44522.JPEG"
3394916.019217,"n03394916_19217.JPEG"
3394916.023304,"n03394916_23304.JPEG"
3394916.026448,"n03394916_26448.JPEG"
3394916.030808,"n03394916_30808.JPEG"
3394916.033757,"n03394916_33757.JPEG"
3394916.036485,"n03394916_36485.JPEG"
3394916.041444,"n03394916_41444.JPEG"
3394916.047877,"n03394916_47877.JPEG"
3397947.010813,"n03397947_10813.JPEG"
3397947.001926,"n03397947_1926.JPEG"
3397947.002934,"n03397947_2934.JPEG"
3397947.004284,"n03397947_4284.JPEG"
3397947.006288,"n03397947_6288.JPEG"
3397947.007453,"n03397947_7453.JPEG"
3397947.008954,"n03397947_8954.JPEG"
3397947.009823,"n03397947_9823.JPEG"
3400231.013472,"n03400231_13472.JPEG"
3400231.018679,"n03400231_18679.JPEG"
3400231.021509,"n03400231_21509.JPEG"
3400231.024528,"n03400231_24528.JPEG"
3400231.002908,"n03400231_2908.JPEG"
3400231.004196,"n03400231_4196.JPEG"
3400231.005694,"n03400231_5694.JPEG"
3400231.008108,"n03400231_8108.JPEG"
3425413.013788,"n03425413_13788.JPEG"
3425413.016822,"n03425413_16822.JPEG"
3425413.018382,"n03425413_18382.JPEG"
3425413.020014,"n03425413_20014.JPEG"
3425413.020974,"n03425413_20974.JPEG"
3425413.021315,"n03425413_21315.JPEG"
3425413.021553,"n03425413_21553.JPEG"
3425413.022005,"n03425413_22005.JPEG"
3436182.011486,"n03436182_11486.JPEG"
3436182.012210,"n03436182_12210.JPEG"
3436182.012885,"n03436182_12885.JPEG"
3436182.001660,"n03436182_1660.JPEG"
3436182.003357,"n03436182_3357.JPEG"
3436182.005137,"n03436182_5137.JPEG"
3436182.007185,"n03436182_7185.JPEG"
3436182.009434,"n03436182_9434.JPEG"
3445777.010587,"n03445777_10587.JPEG"
3445777.010782,"n03445777_10782.JPEG"
3445777.004123,"n03445777_4123.JPEG"
3445777.005992,"n03445777_5992.JPEG"
3445777.006926,"n03445777_6926.JPEG"
3445777.008313,"n03445777_8313.JPEG"
3445777.009159,"n03445777_9159.JPEG"
3445777.009793,"n03445777_9793.JPEG"
3467796.002261,"n03467796_2261.JPEG"
3467796.003445,"n03467796_3445.JPEG"
3467796.004268,"n03467796_4268.JPEG"
3467796.005051,"n03467796_5051.JPEG"
3467796.005384,"n03467796_5384.JPEG"
3467796.006847,"n03467796_6847.JPEG"
3467796.008303,"n03467796_8303.JPEG"
3467796.000862,"n03467796_862.JPEG"
3472535.010217,"n03472535_10217.JPEG"
3472535.001417,"n03472535_1417.JPEG"
3472535.000190,"n03472535_190.JPEG"
3472535.021289,"n03472535_21289.JPEG"
3472535.000283,"n03472535_283.JPEG"
3472535.004373,"n03472535_4373.JPEG"
3472535.004645,"n03472535_4645.JPEG"
3472535.008251,"n03472535_8251.JPEG"
3483823.015156,"n03483823_15156.JPEG"
3483823.003411,"n03483823_3411.JPEG"
3483823.005222,"n03483823_5222.JPEG"
3483823.006332,"n03483823_6332.JPEG"
3483823.006872,"n03483823_6872.JPEG"
3483823.007612,"n03483823_7612.JPEG"
3483823.008150,"n03483823_8150.JPEG"
3483823.008564,"n03483823_8564.JPEG"
3494278.022114,"n03494278_22114.JPEG"
3494278.027938,"n03494278_27938.JPEG"
3494278.029023,"n03494278_29023.JPEG"
3494278.030876,"n03494278_30876.JPEG"
3494278.035790,"n03494278_35790.JPEG"
3494278.038237,"n03494278_38237.JPEG"
3494278.040471,"n03494278_40471.JPEG"
3494278.042246,"n03494278_42246.JPEG"
3496296.010113,"n03496296_10113.JPEG"
3496296.011413,"n03496296_11413.JPEG"
3496296.012686,"n03496296_12686.JPEG"
3496296.014114,"n03496296_14114.JPEG"
3496296.014333,"n03496296_14333.JPEG"
3496296.014487,"n03496296_14487.JPEG"
3496296.004945,"n03496296_4945.JPEG"
3496296.009005,"n03496296_9005.JPEG"
3512147.002038,"n03512147_2038.JPEG"
3512147.000023,"n03512147_23.JPEG"
3512147.033515,"n03512147_33515.JPEG"
3512147.003723,"n03512147_3723.JPEG"
3512147.047076,"n03512147_47076.JPEG"
3512147.000489,"n03512147_489.JPEG"
3512147.005054,"n03512147_5054.JPEG"
3512147.007137,"n03512147_7137.JPEG"
3541923.011509,"n03541923_11509.JPEG"
3541923.002848,"n03541923_2848.JPEG"
3541923.002849,"n03541923_2849.JPEG"
3541923.003237,"n03541923_3237.JPEG"
3541923.003599,"n03541923_3599.JPEG"
3541923.004023,"n03541923_4023.JPEG"
3541923.004374,"n03541923_4374.JPEG"
3541923.009436,"n03541923_9436.JPEG"
3543603.010424,"n03543603_10424.JPEG"
3543603.002363,"n03543603_2363.JPEG"
3543603.004306,"n03543603_4306.JPEG"
3543603.005942,"n03543603_5942.JPEG"
3543603.006861,"n03543603_6861.JPEG"
3543603.007440,"n03543603_7440.JPEG"
3543603.008721,"n03543603_8721.JPEG"
3543603.009964,"n03543603_9964.JPEG"
3544143.011110,"n03544143_11110.JPEG"
3544143.014057,"n03544143_14057.JPEG"
3544143.001497,"n03544143_1497.JPEG"
3544143.018625,"n03544143_18625.JPEG"
3544143.003031,"n03544143_3031.JPEG"
3544143.004767,"n03544143_4767.JPEG"
3544143.007095,"n03544143_7095.JPEG"
3544143.008694,"n03544143_8694.JPEG"
3602883.010003,"n03602883_10003.JPEG"
3602883.010856,"n03602883_10856.JPEG"
3602883.012467,"n03602883_12467.JPEG"
3602883.014315,"n03602883_14315.JPEG"
3602883.015696,"n03602883_15696.JPEG"
3602883.016220,"n03602883_16220.JPEG"
3602883.022505,"n03602883_22505.JPEG"
3602883.008804,"n03602883_8804.JPEG"
3607659.001318,"n03607659_1318.JPEG"
3607659.001968,"n03607659_1968.JPEG"
3607659.003955,"n03607659_3955.JPEG"
3607659.005173,"n03607659_5173.JPEG"
3607659.006257,"n03607659_6257.JPEG"
3607659.007355,"n03607659_7355.JPEG"
3607659.008199,"n03607659_8199.JPEG"
3607659.008657,"n03607659_8657.JPEG"
3609235.010979,"n03609235_10979.JPEG"
3609235.001655,"n03609235_1655.JPEG"
3609235.003138,"n03609235_3138.JPEG"
3609235.003801,"n03609235_3801.JPEG"
3609235.004455,"n03609235_4455.JPEG"
3609235.004886,"n03609235_4886.JPEG"
3609235.007270,"n03609235_7270.JPEG"
3609235.007271,"n03609235_7271.JPEG"
3612010.010712,"n03612010_10712.JPEG"
3612010.012996,"n03612010_12996.JPEG"
3612010.016528,"n03612010_16528.JPEG"
3612010.002887,"n03612010_2887.JPEG"
3612010.004285,"n03612010_4285.JPEG"
3612010.006564,"n03612010_6564.JPEG"
3612010.000871,"n03612010_871.JPEG"
3612010.009076,"n03612010_9076.JPEG"
3623556.012791,"n03623556_12791.JPEG"
3623556.016837,"n03623556_16837.JPEG"
3623556.017722,"n03623556_17722.JPEG"
3623556.020302,"n03623556_20302.JPEG"
3623556.005157,"n03623556_5157.JPEG"
3623556.006577,"n03623556_6577.JPEG"
3623556.008389,"n03623556_8389.JPEG"
3623556.009879,"n03623556_9879.JPEG"
3642806.013072,"n03642806_13072.JPEG"
3642806.015854,"n03642806_15854.JPEG"
3642806.017261,"n03642806_17261.JPEG"
3642806.018985,"n03642806_18985.JPEG"
3642806.021320,"n03642806_21320.JPEG"
3642806.022775,"n03642806_22775.JPEG"
3642806.027943,"n03642806_27943.JPEG"
3642806.006122,"n03642806_6122.JPEG"
3646296.010069,"n03646296_10069.JPEG"
3646296.001689,"n03646296_1689.JPEG"
3646296.002966,"n03646296_2966.JPEG"
3646296.004808,"n03646296_4808.JPEG"
3646296.005631,"n03646296_5631.JPEG"
3646296.007086,"n03646296_7086.JPEG"
3646296.007798,"n03646296_7798.JPEG"
3646296.009175,"n03646296_9175.JPEG"
3649909.010010,"n03649909_10010.JPEG"
3649909.011709,"n03649909_11709.JPEG"
3649909.013625,"n03649909_13625.JPEG"
3649909.016050,"n03649909_16050.JPEG"
3649909.019563,"n03649909_19563.JPEG"
3649909.021526,"n03649909_21526.JPEG"
3649909.024607,"n03649909_24607.JPEG"
3649909.042614,"n03649909_42614.JPEG"
3665924.017703,"n03665924_17703.JPEG"
3665924.026158,"n03665924_26158.JPEG"
3665924.037592,"n03665924_37592.JPEG"
3665924.044847,"n03665924_44847.JPEG"
3665924.049231,"n03665924_49231.JPEG"
3665924.052000,"n03665924_52000.JPEG"
3665924.055985,"n03665924_55985.JPEG"
3665924.008249,"n03665924_8249.JPEG"
3721384.014643,"n03721384_14643.JPEG"
3721384.018162,"n03721384_18162.JPEG"
3721384.022007,"n03721384_22007.JPEG"
3721384.028561,"n03721384_28561.JPEG"
3721384.003497,"n03721384_3497.JPEG"
3721384.036929,"n03721384_36929.JPEG"
3721384.005136,"n03721384_5136.JPEG"
3721384.006760,"n03721384_6760.JPEG"
3743279.011113,"n03743279_11113.JPEG"
3743279.012095,"n03743279_12095.JPEG"
3743279.013788,"n03743279_13788.JPEG"
3743279.015645,"n03743279_15645.JPEG"
3743279.004728,"n03743279_4728.JPEG"
3743279.005689,"n03743279_5689.JPEG"
3743279.007634,"n03743279_7634.JPEG"
3743279.008976,"n03743279_8976.JPEG"
3746005.002516,"n03746005_2516.JPEG"
3746005.004198,"n03746005_4198.JPEG"
3746005.004914,"n03746005_4914.JPEG"
3746005.005789,"n03746005_5789.JPEG"
3746005.006174,"n03746005_6174.JPEG"
3746005.007486,"n03746005_7486.JPEG"
3746005.008861,"n03746005_8861.JPEG"
3746005.009272,"n03746005_9272.JPEG"
3760671.010975,"n03760671_10975.JPEG"
3760671.012018,"n03760671_12018.JPEG"
3760671.012753,"n03760671_12753.JPEG"
3760671.013659,"n03760671_13659.JPEG"
3760671.006434,"n03760671_6434.JPEG"
3760671.007895,"n03760671_7895.JPEG"
3760671.008944,"n03760671_8944.JPEG"
3760671.009669,"n03760671_9669.JPEG"
3790512.011206,"n03790512_11206.JPEG"
3790512.012009,"n03790512_12009.JPEG"
3790512.013675,"n03790512_13675.JPEG"
3790512.014883,"n03790512_14883.JPEG"
3790512.023966,"n03790512_23966.JPEG"
3790512.035174,"n03790512_35174.JPEG"
3790512.040609,"n03790512_40609.JPEG"
3790512.041520,"n03790512_41520.JPEG"
3792782.013140,"n03792782_13140.JPEG"
3792782.016817,"n03792782_16817.JPEG"
3792782.021048,"n03792782_21048.JPEG"
3792782.030141,"n03792782_30141.JPEG"
3792782.034550,"n03792782_34550.JPEG"
3792782.005665,"n03792782_5665.JPEG"
3792782.007077,"n03792782_7077.JPEG"
3792782.008413,"n03792782_8413.JPEG"
3793489.010094,"n03793489_10094.JPEG"
3793489.011217,"n03793489_11217.JPEG"
3793489.013628,"n03793489_13628.JPEG"
3793489.001565,"n03793489_1565.JPEG"
3793489.016155,"n03793489_16155.JPEG"
3793489.005265,"n03793489_5265.JPEG"
3793489.007412,"n03793489_7412.JPEG"
3793489.008932,"n03793489_8932.JPEG"
3815615.012836,"n03815615_12836.JPEG"
3815615.017450,"n03815615_17450.JPEG"
3815615.019824,"n03815615_19824.JPEG"
3815615.021684,"n03815615_21684.JPEG"
3815615.029630,"n03815615_29630.JPEG"
3815615.005104,"n03815615_5104.JPEG"
3815615.007628,"n03815615_7628.JPEG"
3815615.008756,"n03815615_8756.JPEG"
3837869.003611,"n03837869_3611.JPEG"
3837869.004261,"n03837869_4261.JPEG"
3837869.005198,"n03837869_5198.JPEG"
3837869.005857,"n03837869_5857.JPEG"
3837869.006421,"n03837869_6421.JPEG"
3837869.007066,"n03837869_7066.JPEG"
3837869.008484,"n03837869_8484.JPEG"
3837869.009127,"n03837869_9127.JPEG"
3886762.010969,"n03886762_10969.JPEG"
3886762.011269,"n03886762_11269.JPEG"
3886762.012568,"n03886762_12568.JPEG"
3886762.014788,"n03886762_14788.JPEG"
3886762.018101,"n03886762_18101.JPEG"
3886762.021877,"n03886762_21877.JPEG"
3886762.007939,"n03886762_7939.JPEG"
3886762.009466,"n03886762_9466.JPEG"
3918737.011347,"n03918737_11347.JPEG"
3918737.015240,"n03918737_15240.JPEG"
3918737.016966,"n03918737_16966.JPEG"
3918737.019975,"n03918737_19975.JPEG"
3918737.022699,"n03918737_22699.JPEG"
3918737.027172,"n03918737_27172.JPEG"
3918737.004580,"n03918737_4580.JPEG"
3918737.008191,"n03918737_8191.JPEG"
3924679.011429,"n03924679_11429.JPEG"
3924679.011484,"n03924679_11484.JPEG"
3924679.002394,"n03924679_2394.JPEG"
3924679.003671,"n03924679_3671.JPEG"
3924679.005901,"n03924679_5901.JPEG"
3924679.006907,"n03924679_6907.JPEG"
3924679.009022,"n03924679_9022.JPEG"
3924679.009951,"n03924679_9951.JPEG"
3950228.016044,"n03950228_16044.JPEG"
3950228.018190,"n03950228_18190.JPEG"
3950228.020813,"n03950228_20813.JPEG"
3950228.027533,"n03950228_27533.JPEG"
3950228.032200,"n03950228_32200.JPEG"
3950228.035453,"n03950228_35453.JPEG"
3950228.037563,"n03950228_37563.JPEG"
3950228.039297,"n03950228_39297.JPEG"
3982430.015760,"n03982430_15760.JPEG"
3982430.021511,"n03982430_21511.JPEG"
3982430.026431,"n03982430_26431.JPEG"
3982430.029809,"n03982430_29809.JPEG"
3982430.037727,"n03982430_37727.JPEG"
3982430.038731,"n03982430_38731.JPEG"
3982430.006951,"n03982430_6951.JPEG"
3982430.009407,"n03982430_9407.JPEG"
4009552.010330,"n04009552_10330.JPEG"
4009552.012894,"n04009552_12894.JPEG"
4009552.015796,"n04009552_15796.JPEG"
4009552.017201,"n04009552_17201.JPEG"
4009552.018384,"n04009552_18384.JPEG"
4009552.005313,"n04009552_5313.JPEG"
4009552.007141,"n04009552_7141.JPEG"
4009552.008947,"n04009552_8947.JPEG"
4044716.010424,"n04044716_10424.JPEG"
4044716.012763,"n04044716_12763.JPEG"
4044716.013601,"n04044716_13601.JPEG"
4044716.016479,"n04044716_16479.JPEG"
4044716.019527,"n04044716_19527.JPEG"
4044716.006288,"n04044716_6288.JPEG"
4044716.007225,"n04044716_7225.JPEG"
4044716.008619,"n04044716_8619.JPEG"
4070727.013150,"n04070727_13150.JPEG"
4070727.016664,"n04070727_16664.JPEG"
4070727.018299,"n04070727_18299.JPEG"
4070727.021435,"n04070727_21435.JPEG"
4070727.023757,"n04070727_23757.JPEG"
4070727.023827,"n04070727_23827.JPEG"
4070727.031219,"n04070727_31219.JPEG"
4070727.009914,"n04070727_9914.JPEG"
4086273.010362,"n04086273_10362.JPEG"
4086273.012913,"n04086273_12913.JPEG"
4086273.014599,"n04086273_14599.JPEG"
4086273.022571,"n04086273_22571.JPEG"
4086273.028013,"n04086273_28013.JPEG"
4086273.003464,"n04086273_3464.JPEG"
4086273.037855,"n04086273_37855.JPEG"
4086273.005433,"n04086273_5433.JPEG"
4090263.010441,"n04090263_10441.JPEG"
4090263.013803,"n04090263_13803.JPEG"
4090263.016066,"n04090263_16066.JPEG"
4090263.024512,"n04090263_24512.JPEG"
4090263.030280,"n04090263_30280.JPEG"
4090263.005363,"n04090263_5363.JPEG"
4090263.006394,"n04090263_6394.JPEG"
4090263.007624,"n04090263_7624.JPEG"
4113406.010672,"n04113406_10672.JPEG"
4113406.013944,"n04113406_13944.JPEG"
4113406.019025,"n04113406_19025.JPEG"
4113406.021007,"n04113406_21007.JPEG"
4113406.023511,"n04113406_23511.JPEG"
4113406.025414,"n04113406_25414.JPEG"
4113406.028754,"n04113406_28754.JPEG"
4113406.005900,"n04113406_5900.JPEG"
4123740.010780,"n04123740_10780.JPEG"
4123740.012463,"n04123740_12463.JPEG"
4123740.013353,"n04123740_13353.JPEG"
4123740.014377,"n04123740_14377.JPEG"
4123740.015423,"n04123740_15423.JPEG"
4123740.016246,"n04123740_16246.JPEG"
4123740.007009,"n04123740_7009.JPEG"
4123740.008706,"n04123740_8706.JPEG"
4146614.010248,"n04146614_10248.JPEG"
4146614.010473,"n04146614_10473.JPEG"
4146614.016469,"n04146614_16469.JPEG"
4146614.003266,"n04146614_3266.JPEG"
4146614.004965,"n04146614_4965.JPEG"
4146614.006366,"n04146614_6366.JPEG"
4146614.007893,"n04146614_7893.JPEG"
4146614.009889,"n04146614_9889.JPEG"
4154565.010692,"n04154565_10692.JPEG"
4154565.012763,"n04154565_12763.JPEG"
4154565.013637,"n04154565_13637.JPEG"
4154565.015261,"n04154565_15261.JPEG"
4154565.017456,"n04154565_17456.JPEG"
4154565.019381,"n04154565_19381.JPEG"
4154565.020567,"n04154565_20567.JPEG"
4154565.035063,"n04154565_35063.JPEG"
4168199.010150,"n04168199_10150.JPEG"
4168199.010620,"n04168199_10620.JPEG"
4168199.010839,"n04168199_10839.JPEG"
4168199.010897,"n04168199_10897.JPEG"
4168199.009434,"n04168199_9434.JPEG"
4168199.009648,"n04168199_9648.JPEG"
4168199.009781,"n04168199_9781.JPEG"
4168199.009862,"n04168199_9862.JPEG"
4180888.011100,"n04180888_11100.JPEG"
4180888.001515,"n04180888_1515.JPEG"
4180888.002422,"n04180888_2422.JPEG"
4180888.003216,"n04180888_3216.JPEG"
4180888.004080,"n04180888_4080.JPEG"
4180888.004820,"n04180888_4820.JPEG"
4180888.005987,"n04180888_5987.JPEG"
4180888.008500,"n04180888_8500.JPEG"
4197391.011231,"n04197391_11231.JPEG"
4197391.013706,"n04197391_13706.JPEG"
4197391.015574,"n04197391_15574.JPEG"
4197391.018597,"n04197391_18597.JPEG"
4197391.003999,"n04197391_3999.JPEG"
4197391.004733,"n04197391_4733.JPEG"
4197391.006992,"n04197391_6992.JPEG"
4197391.008396,"n04197391_8396.JPEG"
4225987.012703,"n04225987_12703.JPEG"
4225987.013452,"n04225987_13452.JPEG"
4225987.005124,"n04225987_5124.JPEG"
4225987.006162,"n04225987_6162.JPEG"
4225987.006536,"n04225987_6536.JPEG"
4225987.006665,"n04225987_6665.JPEG"
4225987.006877,"n04225987_6877.JPEG"
4225987.007933,"n04225987_7933.JPEG"
4233124.012727,"n04233124_12727.JPEG"
4233124.013344,"n04233124_13344.JPEG"
4233124.014573,"n04233124_14573.JPEG"
4233124.014971,"n04233124_14971.JPEG"
4233124.015821,"n04233124_15821.JPEG"
4233124.017123,"n04233124_17123.JPEG"
4233124.018339,"n04233124_18339.JPEG"
4233124.024091,"n04233124_24091.JPEG"
4254680.010097,"n04254680_10097.JPEG"
4254680.010170,"n04254680_10170.JPEG"
4254680.001190,"n04254680_1190.JPEG"
4254680.001247,"n04254680_1247.JPEG"
4254680.001740,"n04254680_1740.JPEG"
4254680.002701,"n04254680_2701.JPEG"
4254680.003842,"n04254680_3842.JPEG"
4254680.000043,"n04254680_43.JPEG"
4255586.001521,"n04255586_1521.JPEG"
4255586.002163,"n04255586_2163.JPEG"
4255586.003274,"n04255586_3274.JPEG"
4255586.004487,"n04255586_4487.JPEG"
4255586.000449,"n04255586_449.JPEG"
4255586.000062,"n04255586_62.JPEG"
4255586.000626,"n04255586_626.JPEG"
4255586.000878,"n04255586_878.JPEG"
4272054.015977,"n04272054_15977.JPEG"
4272054.021409,"n04272054_21409.JPEG"
4272054.029465,"n04272054_29465.JPEG"
4272054.038478,"n04272054_38478.JPEG"
4272054.048893,"n04272054_48893.JPEG"
4272054.053265,"n04272054_53265.JPEG"
4272054.056965,"n04272054_56965.JPEG"
4272054.061432,"n04272054_61432.JPEG"
4273569.010766,"n04273569_10766.JPEG"
4273569.013211,"n04273569_13211.JPEG"
4273569.014844,"n04273569_14844.JPEG"
4273569.016391,"n04273569_16391.JPEG"
4273569.017297,"n04273569_17297.JPEG"
4273569.018096,"n04273569_18096.JPEG"
4273569.004437,"n04273569_4437.JPEG"
4273569.006437,"n04273569_6437.JPEG"
4284002.010270,"n04284002_10270.JPEG"
4284002.013083,"n04284002_13083.JPEG"
4284002.014660,"n04284002_14660.JPEG"
4284002.015184,"n04284002_15184.JPEG"
4284002.015310,"n04284002_15310.JPEG"
4284002.018325,"n04284002_18325.JPEG"
4284002.020945,"n04284002_20945.JPEG"
4284002.021913,"n04284002_21913.JPEG"
4313503.017853,"n04313503_17853.JPEG"
4313503.019773,"n04313503_19773.JPEG"
4313503.020808,"n04313503_20808.JPEG"
4313503.021714,"n04313503_21714.JPEG"
4313503.022884,"n04313503_22884.JPEG"
4313503.023067,"n04313503_23067.JPEG"
4313503.023211,"n04313503_23211.JPEG"
4313503.025193,"n04313503_25193.JPEG"
4320973.010759,"n04320973_10759.JPEG"
4320973.012980,"n04320973_12980.JPEG"
4320973.014553,"n04320973_14553.JPEG"
4320973.015299,"n04320973_15299.JPEG"
4320973.021297,"n04320973_21297.JPEG"
4320973.005946,"n04320973_5946.JPEG"
4320973.007391,"n04320973_7391.JPEG"
4320973.009400,"n04320973_9400.JPEG"
4373894.016025,"n04373894_16025.JPEG"
4373894.022727,"n04373894_22727.JPEG"
4373894.026002,"n04373894_26002.JPEG"
4373894.031776,"n04373894_31776.JPEG"
4373894.041541,"n04373894_41541.JPEG"
4373894.043971,"n04373894_43971.JPEG"
4373894.051904,"n04373894_51904.JPEG"
4373894.059446,"n04373894_59446.JPEG"
4376876.010149,"n04376876_10149.JPEG"
4376876.010606,"n04376876_10606.JPEG"
4376876.011868,"n04376876_11868.JPEG"
4376876.013235,"n04376876_13235.JPEG"
4376876.014622,"n04376876_14622.JPEG"
4376876.016171,"n04376876_16171.JPEG"
4376876.028833,"n04376876_28833.JPEG"
4376876.007775,"n04376876_7775.JPEG"
4398044.010533,"n04398044_10533.JPEG"
4398044.013032,"n04398044_13032.JPEG"
4398044.014381,"n04398044_14381.JPEG"
4398044.016414,"n04398044_16414.JPEG"
4398044.017494,"n04398044_17494.JPEG"
4398044.018539,"n04398044_18539.JPEG"
4398044.031041,"n04398044_31041.JPEG"
4398044.035327,"n04398044_35327.JPEG"
4401680.017952,"n04401680_17952.JPEG"
4401680.021301,"n04401680_21301.JPEG"
4401680.022803,"n04401680_22803.JPEG"
4401680.024985,"n04401680_24985.JPEG"
4401680.026778,"n04401680_26778.JPEG"
4401680.028024,"n04401680_28024.JPEG"
4401680.029505,"n04401680_29505.JPEG"
4401680.036641,"n04401680_36641.JPEG"
4409515.011072,"n04409515_11072.JPEG"
4409515.001600,"n04409515_1600.JPEG"
4409515.022109,"n04409515_22109.JPEG"
4409515.002581,"n04409515_2581.JPEG"
4409515.003798,"n04409515_3798.JPEG"
4409515.005752,"n04409515_5752.JPEG"
4409515.006804,"n04409515_6804.JPEG"
4409515.008358,"n04409515_8358.JPEG"
4409806.013419,"n04409806_13419.JPEG"
4409806.014144,"n04409806_14144.JPEG"
4409806.016250,"n04409806_16250.JPEG"
4409806.004052,"n04409806_4052.JPEG"
4409806.005820,"n04409806_5820.JPEG"
4409806.007672,"n04409806_7672.JPEG"
4409806.008542,"n04409806_8542.JPEG"
4409806.009916,"n04409806_9916.JPEG"
4412416.010353,"n04412416_10353.JPEG"
4412416.011267,"n04412416_11267.JPEG"
4412416.012151,"n04412416_12151.JPEG"
4412416.014153,"n04412416_14153.JPEG"
4412416.017390,"n04412416_17390.JPEG"
4412416.006897,"n04412416_6897.JPEG"
4412416.007597,"n04412416_7597.JPEG"
4412416.008901,"n04412416_8901.JPEG"
4419073.011195,"n04419073_11195.JPEG"
4419073.011767,"n04419073_11767.JPEG"
4419073.013393,"n04419073_13393.JPEG"
4419073.014805,"n04419073_14805.JPEG"
4419073.017022,"n04419073_17022.JPEG"
4419073.021368,"n04419073_21368.JPEG"
4419073.007644,"n04419073_7644.JPEG"
4419073.008965,"n04419073_8965.JPEG"
4442312.010246,"n04442312_10246.JPEG"
4442312.011854,"n04442312_11854.JPEG"
4442312.013628,"n04442312_13628.JPEG"
4442312.015619,"n04442312_15619.JPEG"
4442312.016618,"n04442312_16618.JPEG"
4442312.019042,"n04442312_19042.JPEG"
4442312.024134,"n04442312_24134.JPEG"
4442312.032591,"n04442312_32591.JPEG"
4442441.001910,"n04442441_1910.JPEG"
4442441.003265,"n04442441_3265.JPEG"
4442441.004452,"n04442441_4452.JPEG"
4442441.005096,"n04442441_5096.JPEG"
4442441.005660,"n04442441_5660.JPEG"
4442441.006478,"n04442441_6478.JPEG"
4442441.007198,"n04442441_7198.JPEG"
4442441.007248,"n04442441_7248.JPEG"
4477387.001527,"n04477387_1527.JPEG"
4477387.002204,"n04477387_2204.JPEG"
4477387.003641,"n04477387_3641.JPEG"
4477387.004979,"n04477387_4979.JPEG"
4477387.006623,"n04477387_6623.JPEG"
4477387.007585,"n04477387_7585.JPEG"
4477387.007671,"n04477387_7671.JPEG"
4477387.009242,"n04477387_9242.JPEG"
4482393.013270,"n04482393_13270.JPEG"
4482393.013686,"n04482393_13686.JPEG"
4482393.014854,"n04482393_14854.JPEG"
4482393.018295,"n04482393_18295.JPEG"
4482393.019492,"n04482393_19492.JPEG"
4482393.024979,"n04482393_24979.JPEG"
4482393.026587,"n04482393_26587.JPEG"
4482393.006359,"n04482393_6359.JPEG"
4497801.011780,"n04497801_11780.JPEG"
4497801.014007,"n04497801_14007.JPEG"
4497801.019746,"n04497801_19746.JPEG"
4497801.003101,"n04497801_3101.JPEG"
4497801.006187,"n04497801_6187.JPEG"
4497801.000076,"n04497801_76.JPEG"
4497801.000760,"n04497801_760.JPEG"
4497801.008739,"n04497801_8739.JPEG"
4555897.013510,"n04555897_13510.JPEG"
4555897.018677,"n04555897_18677.JPEG"
4555897.023902,"n04555897_23902.JPEG"
4555897.026505,"n04555897_26505.JPEG"
4555897.030092,"n04555897_30092.JPEG"
4555897.039418,"n04555897_39418.JPEG"
4555897.005017,"n04555897_5017.JPEG"
4555897.007654,"n04555897_7654.JPEG"
4587559.010400,"n04587559_10400.JPEG"
4587559.011491,"n04587559_11491.JPEG"
4587559.011857,"n04587559_11857.JPEG"
4587559.012714,"n04587559_12714.JPEG"
4587559.013336,"n04587559_13336.JPEG"
4587559.013463,"n04587559_13463.JPEG"
4587559.006132,"n04587559_6132.JPEG"
4587559.007411,"n04587559_7411.JPEG"
4591713.001761,"n04591713_1761.JPEG"
4591713.002310,"n04591713_2310.JPEG"
4591713.003315,"n04591713_3315.JPEG"
4591713.004821,"n04591713_4821.JPEG"
4591713.005442,"n04591713_5442.JPEG"
4591713.005928,"n04591713_5928.JPEG"
4591713.006759,"n04591713_6759.JPEG"
4591713.007167,"n04591713_7167.JPEG"
4612026.010008,"n04612026_10008.JPEG"
4612026.002384,"n04612026_2384.JPEG"
4612026.003878,"n04612026_3878.JPEG"
4612026.005059,"n04612026_5059.JPEG"
4612026.006008,"n04612026_6008.JPEG"
4612026.007179,"n04612026_7179.JPEG"
4612026.000770,"n04612026_770.JPEG"
4612026.007911,"n04612026_7911.JPEG"
7734017.011666,"n07734017_11666.JPEG"
7734017.012439,"n07734017_12439.JPEG"
7734017.018410,"n07734017_18410.JPEG"
7734017.002386,"n07734017_2386.JPEG"
7734017.004118,"n07734017_4118.JPEG"
7734017.006281,"n07734017_6281.JPEG"
7734017.007308,"n07734017_7308.JPEG"
7734017.008706,"n07734017_8706.JPEG"
7734744.013895,"n07734744_13895.JPEG"
7734744.018574,"n07734744_18574.JPEG"
7734744.005146,"n07734744_5146.JPEG"
7734744.005653,"n07734744_5653.JPEG"
7734744.006229,"n07734744_6229.JPEG"
7734744.006691,"n07734744_6691.JPEG"
7734744.008048,"n07734744_8048.JPEG"
7734744.008647,"n07734744_8647.JPEG"
7756951.013102,"n07756951_13102.JPEG"
7756951.014073,"n07756951_14073.JPEG"
7756951.015064,"n07756951_15064.JPEG"
7756951.015873,"n07756951_15873.JPEG"
7756951.017047,"n07756951_17047.JPEG"
7756951.017656,"n07756951_17656.JPEG"
7756951.018174,"n07756951_18174.JPEG"
7756951.009462,"n07756951_9462.JPEG"
7758680.011558,"n07758680_11558.JPEG"
7758680.012418,"n07758680_12418.JPEG"
7758680.013497,"n07758680_13497.JPEG"
7758680.014681,"n07758680_14681.JPEG"
7758680.015982,"n07758680_15982.JPEG"
7758680.017888,"n07758680_17888.JPEG"
7758680.019085,"n07758680_19085.JPEG"
7758680.022370,"n07758680_22370.JPEG"
11978233.016933,"n11978233_16933.JPEG"
11978233.018962,"n11978233_18962.JPEG"
11978233.020269,"n11978233_20269.JPEG"
11978233.025018,"n11978233_25018.JPEG"
11978233.026590,"n11978233_26590.JPEG"
11978233.028156,"n11978233_28156.JPEG"
11978233.041489,"n11978233_41489.JPEG"
11978233.042157,"n11978233_42157.JPEG"
12582231.018321,"n12582231_18321.JPEG"
12582231.020158,"n12582231_20158.JPEG"
12582231.021170,"n12582231_21170.JPEG"
12582231.024598,"n12582231_24598.JPEG"
12582231.027245,"n12582231_27245.JPEG"
12582231.029287,"n12582231_29287.JPEG"
12582231.039329,"n12582231_39329.JPEG"
12582231.044661,"n12582231_44661.JPEG"
12596148.003502,"n12596148_3502.JPEG"
12596148.004136,"n12596148_4136.JPEG"
12596148.004874,"n12596148_4874.JPEG"
12596148.005651,"n12596148_5651.JPEG"
12596148.006386,"n12596148_6386.JPEG"
12596148.006943,"n12596148_6943.JPEG"
12596148.007468,"n12596148_7468.JPEG"
12596148.009625,"n12596148_9625.JPEG"
13111881.010917,"n13111881_10917.JPEG"
13111881.011914,"n13111881_11914.JPEG"
13111881.015726,"n13111881_15726.JPEG"
13111881.028475,"n13111881_28475.JPEG"
13111881.006054,"n13111881_6054.JPEG"
13111881.006560,"n13111881_6560.JPEG"
13111881.007817,"n13111881_7817.JPEG"
13111881.009170,"n13111881_9170.JPEG"
