n01518878_10042	1518878.010042	1	1
n01518878_12028	1518878.012028	1	2
n01518878_14075	1518878.014075	1	3
n01518878_14910	1518878.01491	1	4
n01518878_5958	1518878.005958	1	5
n01518878_7346	1518878.007346	1	6
n01518878_7579	1518878.007579	1	7
n01518878_8432	1518878.008432	1	8
n01639765_22407	1639765.022407	2	9
n01639765_32862	1639765.032862	2	10
n01639765_37122	1639765.037122	2	11
n01639765_40261	1639765.040261	2	12
n01639765_44823	1639765.044823	2	13
n01639765_47681	1639765.047681	2	14
n01639765_48759	1639765.048759	2	15
n01639765_52902	1639765.052902	2	16
n01645776_10130	1645776.01013	3	17
n01645776_10758	1645776.010758	3	18
n01645776_8522	1645776.008522	3	19
n01645776_8879	1645776.008879	3	20
n01645776_9361	1645776.009361	3	21
n01645776_9576	1645776.009576	3	22
n01645776_9693	1645776.009693	3	23
n01645776_9743	1645776.009743	3	24
n01664990_10648	1664990.010648	4	25
n01664990_13731	1664990.013731	4	26
n01664990_16740	1664990.01674	4	27
n01664990_18293	1664990.018293	4	28
n01664990_19129	1664990.019129	4	29
n01664990_19923	1664990.019923	4	30
n01664990_65	1664990.000065	4	31
n01664990_7133	1664990.007133	4	32
n01704323_10031	1704323.010031	5	33
n01704323_10239	1704323.010239	5	34
n01704323_10394	1704323.010394	5	35
n01704323_5092	1704323.005092	5	36
n01704323_8008	1704323.008008	5	37
n01704323_8767	1704323.008767	5	38
n01704323_9172	1704323.009172	5	39
n01704323_9812	1704323.009812	5	40
n01726692_18809	1726692.018809	6	41
n01726692_21053	1726692.021053	6	42
n01726692_30357	1726692.030357	6	43
n01726692_31558	1726692.031558	6	44
n01726692_8404	1726692.008404	6	45
n01726692_8752	1726692.008752	6	46
n01726692_8975	1726692.008975	6	47
n01726692_9090	1726692.00909	6	48
n01768244_10258	1768244.010258	7	49
n01768244_11944	1768244.011944	7	50
n01768244_6450	1768244.00645	7	51
n01768244_7012	1768244.007012	7	52
n01768244_7788	1768244.007788	7	53
n01768244_8871	1768244.008871	7	54
n01768244_9298	1768244.009298	7	55
n01768244_9890	1768244.00989	7	56
n01770393_10195	1770393.010195	8	57
n01770393_12152	1770393.012152	8	58
n01770393_14471	1770393.014471	8	59
n01770393_18012	1770393.018012	8	60
n01770393_21218	1770393.021218	8	61
n01770393_24657	1770393.024657	8	62
n01770393_28281	1770393.028281	8	63
n01770393_29944	1770393.029944	8	64
n01772222_10420	1772222.01042	9	65
n01772222_11060	1772222.01106	9	66
n01772222_11885	1772222.011885	9	67
n01772222_12097	1772222.012097	9	68
n01772222_12347	1772222.012347	9	69
n01772222_12605	1772222.012605	9	70
n01772222_13749	1772222.013749	9	71
n01772222_16161	1772222.016161	9	72
n01784675_13237	1784675.013237	10	73
n01784675_14624	1784675.014624	10	74
n01784675_15243	1784675.015243	10	75
n01784675_15784	1784675.015784	10	76
n01784675_18607	1784675.018607	10	77
n01784675_20773	1784675.020773	10	78
n01784675_22328	1784675.022328	10	79
n01784675_9652	1784675.009652	10	80
n01787835_10128	1787835.010128	11	81
n01787835_10392	1787835.010392	11	82
n01787835_11338	1787835.011338	11	83
n01787835_12178	1787835.012178	11	84
n01787835_12357	1787835.012357	11	85
n01787835_13122	1787835.013122	11	86
n01787835_13550	1787835.01355	11	87
n01787835_9197	1787835.009197	11	88
n01833805_11890	1833805.01189	12	89
n01833805_12045	1833805.012045	12	90
n01833805_12155	1833805.012155	12	91
n01833805_12464	1833805.012464	12	92
n01833805_13268	1833805.013268	12	93
n01833805_13294	1833805.013294	12	94
n01833805_7892	1833805.007892	12	95
n01833805_9089	1833805.009089	12	96
n01855672_11785	1855672.011785	13	97
n01855672_13449	1855672.013449	13	98
n01855672_14080	1855672.01408	13	99
n01855672_14199	1855672.014199	13	100
n01855672_15310	1855672.01531	13	101
n01855672_15767	1855672.015767	13	102
n01855672_15809	1855672.015809	13	103
n01855672_15900	1855672.0159	13	104
n01877134_10188	1877134.010188	14	105
n01877134_10662	1877134.010662	14	106
n01877134_11102	1877134.011102	14	107
n01877134_11344	1877134.011344	14	108
n01877134_11538	1877134.011538	14	109
n01877134_11903	1877134.011903	14	110
n01877134_11991	1877134.011991	14	111
n01877134_8213	1877134.008213	14	112
n01944390_16184	1944390.016184	15	113
n01944390_18585	1944390.018585	15	114
n01944390_19503	1944390.019503	15	115
n01944390_19988	1944390.019988	15	116
n01944390_20511	1944390.020511	15	117
n01944390_20670	1944390.02067	15	118
n01944390_20981	1944390.020981	15	119
n01944390_21065	1944390.021065	15	120
n01963571_11908	1963571.011908	16	121
n01963571_14820	1963571.01482	16	122
n01963571_16954	1963571.016954	16	123
n01963571_19280	1963571.01928	16	124
n01963571_19866	1963571.019866	16	125
n01963571_28170	1963571.02817	16	126
n01963571_5610	1963571.00561	16	127
n01963571_7996	1963571.007996	16	128
n01970164_12603	1970164.012603	17	129
n01970164_14781	1970164.014781	17	130
n01970164_19716	1970164.019716	17	131
n01970164_23221	1970164.023221	17	132
n01970164_26421	1970164.026421	17	133
n01970164_28566	1970164.028566	17	134
n01970164_30420	1970164.03042	17	135
n01970164_30734	1970164.030734	17	136
n02005790_10287	2005790.010287	18	137
n02005790_11191	2005790.011191	18	138
n02005790_11821	2005790.011821	18	139
n02005790_1902	2005790.001902	18	140
n02005790_3943	2005790.003943	18	141
n02005790_5354	2005790.005354	18	142
n02005790_7527	2005790.007527	18	143
n02005790_9371	2005790.009371	18	144
n02054036_12238	2054036.012238	19	145
n02054036_15344	2054036.015344	19	146
n02054036_17099	2054036.017099	19	147
n02054036_19199	2054036.019199	19	148
n02054036_21993	2054036.021993	19	149
n02054036_5709	2054036.005709	19	150
n02054036_7221	2054036.007221	19	151
n02054036_9789	2054036.009789	19	152
n02055803_4843	2055803.004843	20	153
n02055803_5499	2055803.005499	20	154
n02055803_6095	2055803.006095	20	155
n02055803_7345	2055803.007345	20	156
n02055803_7877	2055803.007877	20	157
n02055803_8152	2055803.008152	20	158
n02055803_9018	2055803.009018	20	159
n02055803_9893	2055803.009893	20	160
n02068974_106	2068974.000106	21	161
n02068974_13351	2068974.013351	21	162
n02068974_17710	2068974.01771	21	163
n02068974_2736	2068974.002736	21	164
n02068974_4003	2068974.004003	21	165
n02068974_4884	2068974.004884	21	166
n02068974_6018	2068974.006018	21	167
n02068974_7285	2068974.007285	21	168
n02084071_14426	2084071.014426	22	169
n02084071_17818	2084071.017818	22	170
n02084071_21054	2084071.021054	22	171
n02084071_23836	2084071.023836	22	172
n02084071_27182	2084071.027182	22	173
n02084071_28249	2084071.028249	22	174
n02084071_30865	2084071.030865	22	175
n02084071_34874	2084071.034874	22	176
n02090827_10084	2090827.010084	23	177
n02090827_11579	2090827.011579	23	178
n02090827_13480	2090827.01348	23	179
n02090827_17605	2090827.017605	23	180
n02090827_5708	2090827.005708	23	181
n02090827_7426	2090827.007426	23	182
n02090827_9305	2090827.009305	23	183
n02090827_9359	2090827.009359	23	184
n02131653_10825	2131653.010825	24	185
n02131653_12495	2131653.012495	24	186
n02131653_13952	2131653.013952	24	187
n02131653_2806	2131653.002806	24	188
n02131653_3900	2131653.0039	24	189
n02131653_5107	2131653.005107	24	190
n02131653_6220	2131653.00622	24	191
n02131653_7902	2131653.007902	24	192
n02226429_11460	2226429.01146	25	193
n02226429_12778	2226429.012778	25	194
n02226429_13460	2226429.01346	25	195
n02226429_14311	2226429.014311	25	196
n02226429_15538	2226429.015538	25	197
n02226429_17165	2226429.017165	25	198
n02226429_17436	2226429.017436	25	199
n02226429_9440	2226429.00944	25	200
n02233338_1068	2233338.001068	26	201
n02233338_13505	2233338.013505	26	202
n02233338_17205	2233338.017205	26	203
n02233338_17552	2233338.017552	26	204
n02233338_214	2233338.000214	26	205
n02233338_3494	2233338.003494	26	206
n02233338_6133	2233338.006133	26	207
n02233338_9484	2233338.009484	26	208
n02236241_1360	2236241.00136	27	209
n02236241_14526	2236241.014526	27	210
n02236241_3660	2236241.00366	27	211
n02236241_5223	2236241.005223	27	212
n02236241_6498	2236241.006498	27	213
n02236241_6815	2236241.006815	27	214
n02236241_7166	2236241.007166	27	215
n02236241_8966	2236241.008966	27	216
n02317335_11408	2317335.011408	28	217
n02317335_14310	2317335.01431	28	218
n02317335_17604	2317335.017604	28	219
n02317335_20064	2317335.020064	28	220
n02317335_21319	2317335.021319	28	221
n02317335_24617	2317335.024617	28	222
n02317335_30508	2317335.030508	28	223
n02317335_6776	2317335.006776	28	224
n02346627_10311	2346627.010311	29	225
n02346627_12197	2346627.012197	29	226
n02346627_13993	2346627.013993	29	227
n02346627_17176	2346627.017176	29	228
n02346627_22283	2346627.022283	29	229
n02346627_2234	2346627.002234	29	230
n02346627_5663	2346627.005663	29	231
n02346627_7809	2346627.007809	29	232
n02374451_11539	2374451.011539	30	233
n02374451_12720	2374451.01272	30	234
n02374451_14233	2374451.014233	30	235
n02374451_15307	2374451.015307	30	236
n02374451_17284	2374451.017284	30	237
n02374451_18010	2374451.01801	30	238
n02374451_18054	2374451.018054	30	239
n02374451_19966	2374451.019966	30	240
n02391049_10452	2391049.010452	31	241
n02391049_2286	2391049.002286	31	242
n02391049_2789	2391049.002789	31	243
n02391049_3228	2391049.003228	31	244
n02391049_4569	2391049.004569	31	245
n02391049_6026	2391049.006026	31	246
n02391049_7263	2391049.007263	31	247
n02391049_8178	2391049.008178	31	248
n02432983_13166	2432983.013166	32	249
n02432983_16049	2432983.016049	32	250
n02432983_18327	2432983.018327	32	251
n02432983_20705	2432983.020705	32	252
n02432983_23132	2432983.023132	32	253
n02432983_24646	2432983.024646	32	254
n02432983_31019	2432983.031019	32	255
n02432983_9121	2432983.009121	32	256
n02439033_11666	2439033.011666	33	257
n02439033_14148	2439033.014148	33	258
n02439033_15634	2439033.015634	33	259
n02439033_17123	2439033.017123	33	260
n02439033_4722	2439033.004722	33	261
n02439033_6549	2439033.006549	33	262
n02439033_8005	2439033.008005	33	263
n02439033_9911	2439033.009911	33	264
n02445715_10261	2445715.010261	34	265
n02445715_12246	2445715.012246	34	266
n02445715_13221	2445715.013221	34	267
n02445715_15094	2445715.015094	34	268
n02445715_17475	2445715.017475	34	269
n02445715_3558	2445715.003558	34	270
n02445715_5508	2445715.005508	34	271
n02445715_834	2445715.000834	34	272
n02472293_11152	2472293.011152	35	273
n02472293_131	2472293.000131	35	274
n02472293_13453	2472293.013453	35	275
n02472293_24267	2472293.024267	35	276
n02472293_34273	2472293.034273	35	277
n02472293_3508	2472293.003508	35	278
n02472293_46249	2472293.046249	35	279
n02472293_5718	2472293.005718	35	280
n02480855_11704	2480855.011704	36	281
n02480855_13432	2480855.013432	36	282
n02480855_14628	2480855.014628	36	283
n02480855_16790	2480855.01679	36	284
n02480855_18583	2480855.018583	36	285
n02480855_20865	2480855.020865	36	286
n02480855_8638	2480855.008638	36	287
n02480855_9990	2480855.00999	36	288
n02481823_12066	2481823.012066	37	289
n02481823_13867	2481823.013867	37	290
n02481823_15941	2481823.015941	37	291
n02481823_18421	2481823.018421	37	292
n02481823_20882	2481823.020882	37	293
n02481823_23004	2481823.023004	37	294
n02481823_5715	2481823.005715	37	295
n02481823_8477	2481823.008477	37	296
n02503517_10053	2503517.010053	38	297
n02503517_12142	2503517.012142	38	298
n02503517_3324	2503517.003324	38	299
n02503517_4892	2503517.004892	38	300
n02503517_5673	2503517.005673	38	301
n02503517_7340	2503517.00734	38	302
n02503517_8447	2503517.008447	38	303
n02503517_9095	2503517.009095	38	304
n02508213_10059	2508213.010059	39	305
n02508213_11465	2508213.011465	39	306
n02508213_13042	2508213.013042	39	307
n02508213_13464	2508213.013464	39	308
n02508213_16531	2508213.016531	39	309
n02508213_3777	2508213.003777	39	310
n02508213_5695	2508213.005695	39	311
n02508213_7987	2508213.007987	39	312
n02692877_10393	2692877.010393	40	313
n02692877_11314	2692877.011314	40	314
n02692877_14682	2692877.014682	40	315
n02692877_15805	2692877.015805	40	316
n02692877_17833	2692877.017833	40	317
n02692877_19950	2692877.01995	40	318
n02692877_31838	2692877.031838	40	319
n02692877_7319	2692877.007319	40	320
n02766534_10312	2766534.010312	41	321
n02766534_13147	2766534.013147	41	322
n02766534_137	2766534.000137	41	323
n02766534_15976	2766534.015976	41	324
n02766534_18271	2766534.018271	41	325
n02766534_21124	2766534.021124	41	326
n02766534_34864	2766534.034864	41	327
n02766534_64673	2766534.064673	41	328
n02769748_15626	2769748.015626	42	329
n02769748_20423	2769748.020423	42	330
n02769748_26776	2769748.026776	42	331
n02769748_32217	2769748.032217	42	332
n02769748_33148	2769748.033148	42	333
n02769748_37730	2769748.03773	42	334
n02769748_43506	2769748.043506	42	335
n02769748_52896	2769748.052896	42	336
n02799175_11275	2799175.011275	43	337
n02799175_13505	2799175.013505	43	338
n02799175_14140	2799175.01414	43	339
n02799175_15265	2799175.015265	43	340
n02799175_15904	2799175.015904	43	341
n02799175_16780	2799175.01678	43	342
n02799175_7198	2799175.007198	43	343
n02799175_9738	2799175.009738	43	344
n02800213_11791	2800213.011791	44	345
n02800213_14662	2800213.014662	44	346
n02800213_15518	2800213.015518	44	347
n02800213_17884	2800213.017884	44	348
n02800213_21205	2800213.021205	44	349
n02800213_3108	2800213.003108	44	350
n02800213_4703	2800213.004703	44	351
n02800213_8939	2800213.008939	44	352
n02802215_13634	2802215.013634	45	353
n02802215_17477	2802215.017477	45	354
n02802215_19473	2802215.019473	45	355
n02802215_21594	2802215.021594	45	356
n02802215_26105	2802215.026105	45	357
n02802215_4806	2802215.004806	45	358
n02802215_6616	2802215.006616	45	359
n02802215_9364	2802215.009364	45	360
n02808440_1235	2808440.001235	46	361
n02808440_15163	2808440.015163	46	362
n02808440_19589	2808440.019589	46	363
n02808440_33372	2808440.033372	46	364
n02808440_38805	2808440.038805	46	365
n02808440_43249	2808440.043249	46	366
n02808440_48297	2808440.048297	46	367
n02808440_5873	2808440.005873	46	368
n02814860_12908	2814860.012908	47	369
n02814860_16731	2814860.016731	47	370
n02814860_18911	2814860.018911	47	371
n02814860_30610	2814860.03061	47	372
n02814860_33006	2814860.033006	47	373
n02814860_35555	2814860.035555	47	374
n02814860_37788	2814860.037788	47	375
n02814860_39856	2814860.039856	47	376
n02841315_10982	2841315.010982	48	377
n02841315_12821	2841315.012821	48	378
n02841315_14915	2841315.014915	48	379
n02841315_16314	2841315.016314	48	380
n02841315_18830	2841315.01883	48	381
n02841315_22761	2841315.022761	48	382
n02841315_24352	2841315.024352	48	383
n02841315_35046	2841315.035046	48	384
n02843158_2978	2843158.002978	49	385
n02843158_4722	2843158.004722	49	386
n02843158_5377	2843158.005377	49	387
n02843158_5600	2843158.0056	49	388
n02843158_6490	2843158.00649	49	389
n02843158_7756	2843158.007756	49	390
n02843158_8492	2843158.008492	49	391
n02843158_9764	2843158.009764	49	392
n02882647_13757	2882647.013757	50	393
n02882647_169	2882647.000169	50	394
n02882647_18337	2882647.018337	50	395
n02882647_20395	2882647.020395	50	396
n02882647_20819	2882647.020819	50	397
n02882647_23990	2882647.02399	50	398
n02882647_3406	2882647.003406	50	399
n02882647_7150	2882647.00715	50	400
n02885462_12304	2885462.012304	51	401
n02885462_13911	2885462.013911	51	402
n02885462_17169	2885462.017169	51	403
n02885462_17642	2885462.017642	51	404
n02885462_19412	2885462.019412	51	405
n02885462_20113	2885462.020113	51	406
n02885462_9267	2885462.009267	51	407
n02885462_9275	2885462.009275	51	408
n02943871_10058	2943871.010058	52	409
n02943871_11050	2943871.01105	52	410
n02943871_3559	2943871.003559	52	411
n02943871_4136	2943871.004136	52	412
n02943871_5579	2943871.005579	52	413
n02943871_6541	2943871.006541	52	414
n02943871_8123	2943871.008123	52	415
n02943871_9326	2943871.009326	52	416
n02974003_1210	2974003.00121	53	417
n02974003_2406	2974003.002406	53	418
n02974003_3328	2974003.003328	53	419
n02974003_4448	2974003.004448	53	420
n02974003_6740	2974003.00674	53	421
n02974003_8115	2974003.008115	53	422
n02974003_8812	2974003.008812	53	423
n02974003_9408	2974003.009408	53	424
n02998003_1995	2998003.001995	54	425
n02998003_2616	2998003.002616	54	426
n02998003_3934	2998003.003934	54	427
n02998003_4611	2998003.004611	54	428
n02998003_5381	2998003.005381	54	429
n02998003_6262	2998003.006262	54	430
n02998003_7121	2998003.007121	54	431
n02998003_7158	2998003.007158	54	432
n03038480_1066	3038480.001066	55	433
n03038480_199	3038480.000199	55	434
n03038480_2196	3038480.002196	55	435
n03038480_279	3038480.000279	55	436
n03038480_320	3038480.00032	55	437
n03038480_3370	3038480.00337	55	438
n03038480_6604	3038480.006604	55	439
n03038480_7843	3038480.007843	55	440
n03063599_2682	3063599.002682	56	441
n03063599_3234	3063599.003234	56	442
n03063599_3835	3063599.003835	56	443
n03063599_4061	3063599.004061	56	444
n03063599_4177	3063599.004177	56	445
n03063599_4360	3063599.00436	56	446
n03063599_4784	3063599.004784	56	447
n03063599_5015	3063599.005015	56	448
n03079230_13074	3079230.013074	57	449
n03079230_16134	3079230.016134	57	450
n03079230_20064	3079230.020064	57	451
n03079230_22337	3079230.022337	57	452
n03079230_26890	3079230.02689	57	453
n03079230_33060	3079230.03306	57	454
n03079230_36697	3079230.036697	57	455
n03079230_8270	3079230.00827	57	456
n03085013_20689	3085013.020689	58	457
n03085013_21300	3085013.0213	58	458
n03085013_22686	3085013.022686	58	459
n03085013_23397	3085013.023397	58	460
n03085013_23800	3085013.0238	58	461
n03085013_23944	3085013.023944	58	462
n03085013_24313	3085013.024313	58	463
n03085013_24642	3085013.024642	58	464
n03085219_3190	3085219.00319	59	465
n03085219_3690	3085219.00369	59	466
n03085219_4267	3085219.004267	59	467
n03085219_5196	3085219.005196	59	468
n03085219_5599	3085219.005599	59	469
n03085219_6529	3085219.006529	59	470
n03085219_7432	3085219.007432	59	471
n03085219_8998	3085219.008998	59	472
n03187595_17111	3187595.017111	60	473
n03187595_3646	3187595.003646	60	474
n03187595_5735	3187595.005735	60	475
n03187595_6454	3187595.006454	60	476
n03187595_7260	3187595.00726	60	477
n03187595_9059	3187595.009059	60	478
n03187595_91	3187595.000091	60	479
n03187595_9726	3187595.009726	60	480
n03209910_13490	3209910.01349	61	481
n03209910_157	3209910.000157	61	482
n03209910_22305	3209910.022305	61	483
n03209910_26897	3209910.026897	61	484
n03209910_29141	3209910.029141	61	485
n03209910_3841	3209910.003841	61	486
n03209910_5373	3209910.005373	61	487
n03209910_8951	3209910.008951	61	488
n03255030_11168	3255030.011168	62	489
n03255030_1413	3255030.001413	62	490
n03255030_18182	3255030.018182	62	491
n03255030_3029	3255030.003029	62	492
n03255030_4834	3255030.004834	62	493
n03255030_671	3255030.000671	62	494
n03255030_7581	3255030.007581	62	495
n03255030_8996	3255030.008996	62	496
n03261776_13358	3261776.013358	63	497
n03261776_16887	3261776.016887	63	498
n03261776_24181	3261776.024181	63	499
n03261776_25824	3261776.025824	63	500
n03261776_27103	3261776.027103	63	501
n03261776_29363	3261776.029363	63	502
n03261776_31671	3261776.031671	63	503
n03261776_40091	3261776.040091	63	504
n03335030_10544	3335030.010544	64	505
n03335030_14253	3335030.014253	64	506
n03335030_18236	3335030.018236	64	507
n03335030_21952	3335030.021952	64	508
n03335030_26098	3335030.026098	64	509
n03335030_41867	3335030.041867	64	510
n03335030_41914	3335030.041914	64	511
n03335030_54164	3335030.054164	64	512
n03345487_11865	3345487.011865	65	513
n03345487_15782	3345487.015782	65	514
n03345487_22197	3345487.022197	65	515
n03345487_2612	3345487.002612	65	516
n03345487_4927	3345487.004927	65	517
n03345487_6365	3345487.006365	65	518
n03345487_7233	3345487.007233	65	519
n03345487_8958	3345487.008958	65	520
n03359137_16646	3359137.016646	66	521
n03359137_19465	3359137.019465	66	522
n03359137_21741	3359137.021741	66	523
n03359137_26112	3359137.026112	66	524
n03359137_31119	3359137.031119	66	525
n03359137_39086	3359137.039086	66	526
n03359137_41860	3359137.04186	66	527
n03359137_44522	3359137.044522	66	528
n03394916_19217	3394916.019217	67	529
n03394916_23304	3394916.023304	67	530
n03394916_26448	3394916.026448	67	531
n03394916_30808	3394916.030808	67	532
n03394916_33757	3394916.033757	67	533
n03394916_36485	3394916.036485	67	534
n03394916_41444	3394916.041444	67	535
n03394916_47877	3394916.047877	67	536
n03397947_10813	3397947.010813	68	537
n03397947_1926	3397947.001926	68	538
n03397947_2934	3397947.002934	68	539
n03397947_4284	3397947.004284	68	540
n03397947_6288	3397947.006288	68	541
n03397947_7453	3397947.007453	68	542
n03397947_8954	3397947.008954	68	543
n03397947_9823	3397947.009823	68	544
n03400231_13472	3400231.013472	69	545
n03400231_18679	3400231.018679	69	546
n03400231_21509	3400231.021509	69	547
n03400231_24528	3400231.024528	69	548
n03400231_2908	3400231.002908	69	549
n03400231_4196	3400231.004196	69	550
n03400231_5694	3400231.005694	69	551
n03400231_8108	3400231.008108	69	552
n03425413_13788	3425413.013788	70	553
n03425413_16822	3425413.016822	70	554
n03425413_18382	3425413.018382	70	555
n03425413_20014	3425413.020014	70	556
n03425413_20974	3425413.020974	70	557
n03425413_21315	3425413.021315	70	558
n03425413_21553	3425413.021553	70	559
n03425413_22005	3425413.022005	70	560
n03436182_11486	3436182.011486	71	561
n03436182_12210	3436182.01221	71	562
n03436182_12885	3436182.012885	71	563
n03436182_1660	3436182.00166	71	564
n03436182_3357	3436182.003357	71	565
n03436182_5137	3436182.005137	71	566
n03436182_7185	3436182.007185	71	567
n03436182_9434	3436182.009434	71	568
n03445777_10587	3445777.010587	72	569
n03445777_10782	3445777.010782	72	570
n03445777_4123	3445777.004123	72	571
n03445777_5992	3445777.005992	72	572
n03445777_6926	3445777.006926	72	573
n03445777_8313	3445777.008313	72	574
n03445777_9159	3445777.009159	72	575
n03445777_9793	3445777.009793	72	576
n03467796_2261	3467796.002261	73	577
n03467796_3445	3467796.003445	73	578
n03467796_4268	3467796.004268	73	579
n03467796_5051	3467796.005051	73	580
n03467796_5384	3467796.005384	73	581
n03467796_6847	3467796.006847	73	582
n03467796_8303	3467796.008303	73	583
n03467796_862	3467796.000862	73	584
n03472535_10217	3472535.010217	74	585
n03472535_1417	3472535.001417	74	586
n03472535_190	3472535.00019	74	587
n03472535_21289	3472535.021289	74	588
n03472535_283	3472535.000283	74	589
n03472535_4373	3472535.004373	74	590
n03472535_4645	3472535.004645	74	591
n03472535_8251	3472535.008251	74	592
n03483823_15156	3483823.015156	75	593
n03483823_3411	3483823.003411	75	594
n03483823_5222	3483823.005222	75	595
n03483823_6332	3483823.006332	75	596
n03483823_6872	3483823.006872	75	597
n03483823_7612	3483823.007612	75	598
n03483823_8150	3483823.00815	75	599
n03483823_8564	3483823.008564	75	600
n03494278_22114	3494278.022114	76	601
n03494278_27938	3494278.027938	76	602
n03494278_29023	3494278.029023	76	603
n03494278_30876	3494278.030876	76	604
n03494278_35790	3494278.03579	76	605
n03494278_38237	3494278.038237	76	606
n03494278_40471	3494278.040471	76	607
n03494278_42246	3494278.042246	76	608
n03496296_10113	3496296.010113	77	609
n03496296_11413	3496296.011413	77	610
n03496296_12686	3496296.012686	77	611
n03496296_14114	3496296.014114	77	612
n03496296_14333	3496296.014333	77	613
n03496296_14487	3496296.014487	77	614
n03496296_4945	3496296.004945	77	615
n03496296_9005	3496296.009005	77	616
n03512147_2038	3512147.002038	78	617
n03512147_23	3512147.000023	78	618
n03512147_33515	3512147.033515	78	619
n03512147_3723	3512147.003723	78	620
n03512147_47076	3512147.047076	78	621
n03512147_489	3512147.000489	78	622
n03512147_5054	3512147.005054	78	623
n03512147_7137	3512147.007137	78	624
n03541923_11509	3541923.011509	79	625
n03541923_2848	3541923.002848	79	626
n03541923_2849	3541923.002849	79	627
n03541923_3237	3541923.003237	79	628
n03541923_3599	3541923.003599	79	629
n03541923_4023	3541923.004023	79	630
n03541923_4374	3541923.004374	79	631
n03541923_9436	3541923.009436	79	632
n03543603_10424	3543603.010424	80	633
n03543603_2363	3543603.002363	80	634
n03543603_4306	3543603.004306	80	635
n03543603_5942	3543603.005942	80	636
n03543603_6861	3543603.006861	80	637
n03543603_7440	3543603.00744	80	638
n03543603_8721	3543603.008721	80	639
n03543603_9964	3543603.009964	80	640
n03544143_11110	3544143.01111	81	641
n03544143_14057	3544143.014057	81	642
n03544143_1497	3544143.001497	81	643
n03544143_18625	3544143.018625	81	644
n03544143_3031	3544143.003031	81	645
n03544143_4767	3544143.004767	81	646
n03544143_7095	3544143.007095	81	647
n03544143_8694	3544143.008694	81	648
n03602883_10003	3602883.010003	82	649
n03602883_10856	3602883.010856	82	650
n03602883_12467	3602883.012467	82	651
n03602883_14315	3602883.014315	82	652
n03602883_15696	3602883.015696	82	653
n03602883_16220	3602883.01622	82	654
n03602883_22505	3602883.022505	82	655
n03602883_8804	3602883.008804	82	656
n03607659_1318	3607659.001318	83	657
n03607659_1968	3607659.001968	83	658
n03607659_3955	3607659.003955	83	659
n03607659_5173	3607659.005173	83	660
n03607659_6257	3607659.006257	83	661
n03607659_7355	3607659.007355	83	662
n03607659_8199	3607659.008199	83	663
n03607659_8657	3607659.008657	83	664
n03609235_10979	3609235.010979	84	665
n03609235_1655	3609235.001655	84	666
n03609235_3138	3609235.003138	84	667
n03609235_3801	3609235.003801	84	668
n03609235_4455	3609235.004455	84	669
n03609235_4886	3609235.004886	84	670
n03609235_7270	3609235.00727	84	671
n03609235_7271	3609235.007271	84	672
n03612010_10712	3612010.010712	85	673
n03612010_12996	3612010.012996	85	674
n03612010_16528	3612010.016528	85	675
n03612010_2887	3612010.002887	85	676
n03612010_4285	3612010.004285	85	677
n03612010_6564	3612010.006564	85	678
n03612010_871	3612010.000871	85	679
n03612010_9076	3612010.009076	85	680
n03623556_12791	3623556.012791	86	681
n03623556_16837	3623556.016837	86	682
n03623556_17722	3623556.017722	86	683
n03623556_20302	3623556.020302	86	684
n03623556_5157	3623556.005157	86	685
n03623556_6577	3623556.006577	86	686
n03623556_8389	3623556.008389	86	687
n03623556_9879	3623556.009879	86	688
n03642806_13072	3642806.013072	87	689
n03642806_15854	3642806.015854	87	690
n03642806_17261	3642806.017261	87	691
n03642806_18985	3642806.018985	87	692
n03642806_21320	3642806.02132	87	693
n03642806_22775	3642806.022775	87	694
n03642806_27943	3642806.027943	87	695
n03642806_6122	3642806.006122	87	696
n03646296_10069	3646296.010069	88	697
n03646296_1689	3646296.001689	88	698
n03646296_2966	3646296.002966	88	699
n03646296_4808	3646296.004808	88	700
n03646296_5631	3646296.005631	88	701
n03646296_7086	3646296.007086	88	702
n03646296_7798	3646296.007798	88	703
n03646296_9175	3646296.009175	88	704
n03649909_10010	3649909.01001	89	705
n03649909_11709	3649909.011709	89	706
n03649909_13625	3649909.013625	89	707
n03649909_16050	3649909.01605	89	708
n03649909_19563	3649909.019563	89	709
n03649909_21526	3649909.021526	89	710
n03649909_24607	3649909.024607	89	711
n03649909_42614	3649909.042614	89	712
n03665924_17703	3665924.017703	90	713
n03665924_26158	3665924.026158	90	714
n03665924_37592	3665924.037592	90	715
n03665924_44847	3665924.044847	90	716
n03665924_49231	3665924.049231	90	717
n03665924_52000	3665924.052	90	718
n03665924_55985	3665924.055985	90	719
n03665924_8249	3665924.008249	90	720
n03721384_14643	3721384.014643	91	721
n03721384_18162	3721384.018162	91	722
n03721384_22007	3721384.022007	91	723
n03721384_28561	3721384.028561	91	724
n03721384_3497	3721384.003497	91	725
n03721384_36929	3721384.036929	91	726
n03721384_5136	3721384.005136	91	727
n03721384_6760	3721384.00676	91	728
n03743279_11113	3743279.011113	92	729
n03743279_12095	3743279.012095	92	730
n03743279_13788	3743279.013788	92	731
n03743279_15645	3743279.015645	92	732
n03743279_4728	3743279.004728	92	733
n03743279_5689	3743279.005689	92	734
n03743279_7634	3743279.007634	92	735
n03743279_8976	3743279.008976	92	736
n03746005_2516	3746005.002516	93	737
n03746005_4198	3746005.004198	93	738
n03746005_4914	3746005.004914	93	739
n03746005_5789	3746005.005789	93	740
n03746005_6174	3746005.006174	93	741
n03746005_7486	3746005.007486	93	742
n03746005_8861	3746005.008861	93	743
n03746005_9272	3746005.009272	93	744
n03760671_10975	3760671.010975	94	745
n03760671_12018	3760671.012018	94	746
n03760671_12753	3760671.012753	94	747
n03760671_13659	3760671.013659	94	748
n03760671_6434	3760671.006434	94	749
n03760671_7895	3760671.007895	94	750
n03760671_8944	3760671.008944	94	751
n03760671_9669	3760671.009669	94	752
n03790512_11206	3790512.011206	95	753
n03790512_12009	3790512.012009	95	754
n03790512_13675	3790512.013675	95	755
n03790512_14883	3790512.014883	95	756
n03790512_23966	3790512.023966	95	757
n03790512_35174	3790512.035174	95	758
n03790512_40609	3790512.040609	95	759
n03790512_41520	3790512.04152	95	760
n03792782_13140	3792782.01314	96	761
n03792782_16817	3792782.016817	96	762
n03792782_21048	3792782.021048	96	763
n03792782_30141	3792782.030141	96	764
n03792782_34550	3792782.03455	96	765
n03792782_5665	3792782.005665	96	766
n03792782_7077	3792782.007077	96	767
n03792782_8413	3792782.008413	96	768
n03793489_10094	3793489.010094	97	769
n03793489_11217	3793489.011217	97	770
n03793489_13628	3793489.013628	97	771
n03793489_1565	3793489.001565	97	772
n03793489_16155	3793489.016155	97	773
n03793489_5265	3793489.005265	97	774
n03793489_7412	3793489.007412	97	775
n03793489_8932	3793489.008932	97	776
n03815615_12836	3815615.012836	98	777
n03815615_17450	3815615.01745	98	778
n03815615_19824	3815615.019824	98	779
n03815615_21684	3815615.021684	98	780
n03815615_29630	3815615.02963	98	781
n03815615_5104	3815615.005104	98	782
n03815615_7628	3815615.007628	98	783
n03815615_8756	3815615.008756	98	784
n03837869_3611	3837869.003611	99	785
n03837869_4261	3837869.004261	99	786
n03837869_5198	3837869.005198	99	787
n03837869_5857	3837869.005857	99	788
n03837869_6421	3837869.006421	99	789
n03837869_7066	3837869.007066	99	790
n03837869_8484	3837869.008484	99	791
n03837869_9127	3837869.009127	99	792
n03886762_10969	3886762.010969	100	793
n03886762_11269	3886762.011269	100	794
n03886762_12568	3886762.012568	100	795
n03886762_14788	3886762.014788	100	796
n03886762_18101	3886762.018101	100	797
n03886762_21877	3886762.021877	100	798
n03886762_7939	3886762.007939	100	799
n03886762_9466	3886762.009466	100	800
n03918737_11347	3918737.011347	101	801
n03918737_15240	3918737.01524	101	802
n03918737_16966	3918737.016966	101	803
n03918737_19975	3918737.019975	101	804
n03918737_22699	3918737.022699	101	805
n03918737_27172	3918737.027172	101	806
n03918737_4580	3918737.00458	101	807
n03918737_8191	3918737.008191	101	808
n03924679_11429	3924679.011429	102	809
n03924679_11484	3924679.011484	102	810
n03924679_2394	3924679.002394	102	811
n03924679_3671	3924679.003671	102	812
n03924679_5901	3924679.005901	102	813
n03924679_6907	3924679.006907	102	814
n03924679_9022	3924679.009022	102	815
n03924679_9951	3924679.009951	102	816
n03950228_16044	3950228.016044	103	817
n03950228_18190	3950228.01819	103	818
n03950228_20813	3950228.020813	103	819
n03950228_27533	3950228.027533	103	820
n03950228_32200	3950228.0322	103	821
n03950228_35453	3950228.035453	103	822
n03950228_37563	3950228.037563	103	823
n03950228_39297	3950228.039297	103	824
n03982430_15760	3982430.01576	104	825
n03982430_21511	3982430.021511	104	826
n03982430_26431	3982430.026431	104	827
n03982430_29809	3982430.029809	104	828
n03982430_37727	3982430.037727	104	829
n03982430_38731	3982430.038731	104	830
n03982430_6951	3982430.006951	104	831
n03982430_9407	3982430.009407	104	832
n04009552_10330	4009552.01033	105	833
n04009552_12894	4009552.012894	105	834
n04009552_15796	4009552.015796	105	835
n04009552_17201	4009552.017201	105	836
n04009552_18384	4009552.018384	105	837
n04009552_5313	4009552.005313	105	838
n04009552_7141	4009552.007141	105	839
n04009552_8947	4009552.008947	105	840
n04044716_10424	4044716.010424	106	841
n04044716_12763	4044716.012763	106	842
n04044716_13601	4044716.013601	106	843
n04044716_16479	4044716.016479	106	844
n04044716_19527	4044716.019527	106	845
n04044716_6288	4044716.006288	106	846
n04044716_7225	4044716.007225	106	847
n04044716_8619	4044716.008619	106	848
n04070727_13150	4070727.01315	107	849
n04070727_16664	4070727.016664	107	850
n04070727_18299	4070727.018299	107	851
n04070727_21435	4070727.021435	107	852
n04070727_23757	4070727.023757	107	853
n04070727_23827	4070727.023827	107	854
n04070727_31219	4070727.031219	107	855
n04070727_9914	4070727.009914	107	856
n04086273_10362	4086273.010362	108	857
n04086273_12913	4086273.012913	108	858
n04086273_14599	4086273.014599	108	859
n04086273_22571	4086273.022571	108	860
n04086273_28013	4086273.028013	108	861
n04086273_3464	4086273.003464	108	862
n04086273_37855	4086273.037855	108	863
n04086273_5433	4086273.005433	108	864
n04090263_10441	4090263.010441	109	865
n04090263_13803	4090263.013803	109	866
n04090263_16066	4090263.016066	109	867
n04090263_24512	4090263.024512	109	868
n04090263_30280	4090263.03028	109	869
n04090263_5363	4090263.005363	109	870
n04090263_6394	4090263.006394	109	871
n04090263_7624	4090263.007624	109	872
n04113406_10672	4113406.010672	110	873
n04113406_13944	4113406.013944	110	874
n04113406_19025	4113406.019025	110	875
n04113406_21007	4113406.021007	110	876
n04113406_23511	4113406.023511	110	877
n04113406_25414	4113406.025414	110	878
n04113406_28754	4113406.028754	110	879
n04113406_5900	4113406.0059	110	880
n04123740_10780	4123740.01078	111	881
n04123740_12463	4123740.012463	111	882
n04123740_13353	4123740.013353	111	883
n04123740_14377	4123740.014377	111	884
n04123740_15423	4123740.015423	111	885
n04123740_16246	4123740.016246	111	886
n04123740_7009	4123740.007009	111	887
n04123740_8706	4123740.008706	111	888
n04146614_10248	4146614.010248	112	889
n04146614_10473	4146614.010473	112	890
n04146614_16469	4146614.016469	112	891
n04146614_3266	4146614.003266	112	892
n04146614_4965	4146614.004965	112	893
n04146614_6366	4146614.006366	112	894
n04146614_7893	4146614.007893	112	895
n04146614_9889	4146614.009889	112	896
n04154565_10692	4154565.010692	113	897
n04154565_12763	4154565.012763	113	898
n04154565_13637	4154565.013637	113	899
n04154565_15261	4154565.015261	113	900
n04154565_17456	4154565.017456	113	901
n04154565_19381	4154565.019381	113	902
n04154565_20567	4154565.020567	113	903
n04154565_35063	4154565.035063	113	904
n04168199_10150	4168199.01015	114	905
n04168199_10620	4168199.01062	114	906
n04168199_10839	4168199.010839	114	907
n04168199_10897	4168199.010897	114	908
n04168199_9434	4168199.009434	114	909
n04168199_9648	4168199.009648	114	910
n04168199_9781	4168199.009781	114	911
n04168199_9862	4168199.009862	114	912
n04180888_11100	4180888.0111	115	913
n04180888_1515	4180888.001515	115	914
n04180888_2422	4180888.002422	115	915
n04180888_3216	4180888.003216	115	916
n04180888_4080	4180888.00408	115	917
n04180888_4820	4180888.00482	115	918
n04180888_5987	4180888.005987	115	919
n04180888_8500	4180888.0085	115	920
n04197391_11231	4197391.011231	116	921
n04197391_13706	4197391.013706	116	922
n04197391_15574	4197391.015574	116	923
n04197391_18597	4197391.018597	116	924
n04197391_3999	4197391.003999	116	925
n04197391_4733	4197391.004733	116	926
n04197391_6992	4197391.006992	116	927
n04197391_8396	4197391.008396	116	928
n04225987_12703	4225987.012703	117	929
n04225987_13452	4225987.013452	117	930
n04225987_5124	4225987.005124	117	931
n04225987_6162	4225987.006162	117	932
n04225987_6536	4225987.006536	117	933
n04225987_6665	4225987.006665	117	934
n04225987_6877	4225987.006877	117	935
n04225987_7933	4225987.007933	117	936
n04233124_12727	4233124.012727	118	937
n04233124_13344	4233124.013344	118	938
n04233124_14573	4233124.014573	118	939
n04233124_14971	4233124.014971	118	940
n04233124_15821	4233124.015821	118	941
n04233124_17123	4233124.017123	118	942
n04233124_18339	4233124.018339	118	943
n04233124_24091	4233124.024091	118	944
n04254680_10097	4254680.010097	119	945
n04254680_10170	4254680.01017	119	946
n04254680_1190	4254680.00119	119	947
n04254680_1247	4254680.001247	119	948
n04254680_1740	4254680.00174	119	949
n04254680_2701	4254680.002701	119	950
n04254680_3842	4254680.003842	119	951
n04254680_43	4254680.000043	119	952
n04255586_1521	4255586.001521	120	953
n04255586_2163	4255586.002163	120	954
n04255586_3274	4255586.003274	120	955
n04255586_4487	4255586.004487	120	956
n04255586_449	4255586.000449	120	957
n04255586_62	4255586.000062	120	958
n04255586_626	4255586.000626	120	959
n04255586_878	4255586.000878	120	960
n04272054_15977	4272054.015977	121	961
n04272054_21409	4272054.021409	121	962
n04272054_29465	4272054.029465	121	963
n04272054_38478	4272054.038478	121	964
n04272054_48893	4272054.048893	121	965
n04272054_53265	4272054.053265	121	966
n04272054_56965	4272054.056965	121	967
n04272054_61432	4272054.061432	121	968
n04273569_10766	4273569.010766	122	969
n04273569_13211	4273569.013211	122	970
n04273569_14844	4273569.014844	122	971
n04273569_16391	4273569.016391	122	972
n04273569_17297	4273569.017297	122	973
n04273569_18096	4273569.018096	122	974
n04273569_4437	4273569.004437	122	975
n04273569_6437	4273569.006437	122	976
n04284002_10270	4284002.01027	123	977
n04284002_13083	4284002.013083	123	978
n04284002_14660	4284002.01466	123	979
n04284002_15184	4284002.015184	123	980
n04284002_15310	4284002.01531	123	981
n04284002_18325	4284002.018325	123	982
n04284002_20945	4284002.020945	123	983
n04284002_21913	4284002.021913	123	984
n04313503_17853	4313503.017853	124	985
n04313503_19773	4313503.019773	124	986
n04313503_20808	4313503.020808	124	987
n04313503_21714	4313503.021714	124	988
n04313503_22884	4313503.022884	124	989
n04313503_23067	4313503.023067	124	990
n04313503_23211	4313503.023211	124	991
n04313503_25193	4313503.025193	124	992
n04320973_10759	4320973.010759	125	993
n04320973_12980	4320973.01298	125	994
n04320973_14553	4320973.014553	125	995
n04320973_15299	4320973.015299	125	996
n04320973_21297	4320973.021297	125	997
n04320973_5946	4320973.005946	125	998
n04320973_7391	4320973.007391	125	999
n04320973_9400	4320973.0094	125	1000
n04373894_16025	4373894.016025	126	1001
n04373894_22727	4373894.022727	126	1002
n04373894_26002	4373894.026002	126	1003
n04373894_31776	4373894.031776	126	1004
n04373894_41541	4373894.041541	126	1005
n04373894_43971	4373894.043971	126	1006
n04373894_51904	4373894.051904	126	1007
n04373894_59446	4373894.059446	126	1008
n04376876_10149	4376876.010149	127	1009
n04376876_10606	4376876.010606	127	1010
n04376876_11868	4376876.011868	127	1011
n04376876_13235	4376876.013235	127	1012
n04376876_14622	4376876.014622	127	1013
n04376876_16171	4376876.016171	127	1014
n04376876_28833	4376876.028833	127	1015
n04376876_7775	4376876.007775	127	1016
n04398044_10533	4398044.010533	128	1017
n04398044_13032	4398044.013032	128	1018
n04398044_14381	4398044.014381	128	1019
n04398044_16414	4398044.016414	128	1020
n04398044_17494	4398044.017494	128	1021
n04398044_18539	4398044.018539	128	1022
n04398044_31041	4398044.031041	128	1023
n04398044_35327	4398044.035327	128	1024
n04401680_17952	4401680.017952	129	1025
n04401680_21301	4401680.021301	129	1026
n04401680_22803	4401680.022803	129	1027
n04401680_24985	4401680.024985	129	1028
n04401680_26778	4401680.026778	129	1029
n04401680_28024	4401680.028024	129	1030
n04401680_29505	4401680.029505	129	1031
n04401680_36641	4401680.036641	129	1032
n04409515_11072	4409515.011072	130	1033
n04409515_1600	4409515.0016	130	1034
n04409515_22109	4409515.022109	130	1035
n04409515_2581	4409515.002581	130	1036
n04409515_3798	4409515.003798	130	1037
n04409515_5752	4409515.005752	130	1038
n04409515_6804	4409515.006804	130	1039
n04409515_8358	4409515.008358	130	1040
n04409806_13419	4409806.013419	131	1041
n04409806_14144	4409806.014144	131	1042
n04409806_16250	4409806.01625	131	1043
n04409806_4052	4409806.004052	131	1044
n04409806_5820	4409806.00582	131	1045
n04409806_7672	4409806.007672	131	1046
n04409806_8542	4409806.008542	131	1047
n04409806_9916	4409806.009916	131	1048
n04412416_10353	4412416.010353	132	1049
n04412416_11267	4412416.011267	132	1050
n04412416_12151	4412416.012151	132	1051
n04412416_14153	4412416.014153	132	1052
n04412416_17390	4412416.01739	132	1053
n04412416_6897	4412416.006897	132	1054
n04412416_7597	4412416.007597	132	1055
n04412416_8901	4412416.008901	132	1056
n04419073_11195	4419073.011195	133	1057
n04419073_11767	4419073.011767	133	1058
n04419073_13393	4419073.013393	133	1059
n04419073_14805	4419073.014805	133	1060
n04419073_17022	4419073.017022	133	1061
n04419073_21368	4419073.021368	133	1062
n04419073_7644	4419073.007644	133	1063
n04419073_8965	4419073.008965	133	1064
n04442312_10246	4442312.010246	134	1065
n04442312_11854	4442312.011854	134	1066
n04442312_13628	4442312.013628	134	1067
n04442312_15619	4442312.015619	134	1068
n04442312_16618	4442312.016618	134	1069
n04442312_19042	4442312.019042	134	1070
n04442312_24134	4442312.024134	134	1071
n04442312_32591	4442312.032591	134	1072
n04442441_1910	4442441.00191	135	1073
n04442441_3265	4442441.003265	135	1074
n04442441_4452	4442441.004452	135	1075
n04442441_5096	4442441.005096	135	1076
n04442441_5660	4442441.00566	135	1077
n04442441_6478	4442441.006478	135	1078
n04442441_7198	4442441.007198	135	1079
n04442441_7248	4442441.007248	135	1080
n04477387_1527	4477387.001527	136	1081
n04477387_2204	4477387.002204	136	1082
n04477387_3641	4477387.003641	136	1083
n04477387_4979	4477387.004979	136	1084
n04477387_6623	4477387.006623	136	1085
n04477387_7585	4477387.007585	136	1086
n04477387_7671	4477387.007671	136	1087
n04477387_9242	4477387.009242	136	1088
n04482393_13270	4482393.01327	137	1089
n04482393_13686	4482393.013686	137	1090
n04482393_14854	4482393.014854	137	1091
n04482393_18295	4482393.018295	137	1092
n04482393_19492	4482393.019492	137	1093
n04482393_24979	4482393.024979	137	1094
n04482393_26587	4482393.026587	137	1095
n04482393_6359	4482393.006359	137	1096
n04497801_11780	4497801.01178	138	1097
n04497801_14007	4497801.014007	138	1098
n04497801_19746	4497801.019746	138	1099
n04497801_3101	4497801.003101	138	1100
n04497801_6187	4497801.006187	138	1101
n04497801_76	4497801.000076	138	1102
n04497801_760	4497801.00076	138	1103
n04497801_8739	4497801.008739	138	1104
n04555897_13510	4555897.01351	139	1105
n04555897_18677	4555897.018677	139	1106
n04555897_23902	4555897.023902	139	1107
n04555897_26505	4555897.026505	139	1108
n04555897_30092	4555897.030092	139	1109
n04555897_39418	4555897.039418	139	1110
n04555897_5017	4555897.005017	139	1111
n04555897_7654	4555897.007654	139	1112
n04587559_10400	4587559.0104	140	1113
n04587559_11491	4587559.011491	140	1114
n04587559_11857	4587559.011857	140	1115
n04587559_12714	4587559.012714	140	1116
n04587559_13336	4587559.013336	140	1117
n04587559_13463	4587559.013463	140	1118
n04587559_6132	4587559.006132	140	1119
n04587559_7411	4587559.007411	140	1120
n04591713_1761	4591713.001761	141	1121
n04591713_2310	4591713.00231	141	1122
n04591713_3315	4591713.003315	141	1123
n04591713_4821	4591713.004821	141	1124
n04591713_5442	4591713.005442	141	1125
n04591713_5928	4591713.005928	141	1126
n04591713_6759	4591713.006759	141	1127
n04591713_7167	4591713.007167	141	1128
n04612026_10008	4612026.010008	142	1129
n04612026_2384	4612026.002384	142	1130
n04612026_3878	4612026.003878	142	1131
n04612026_5059	4612026.005059	142	1132
n04612026_6008	4612026.006008	142	1133
n04612026_7179	4612026.007179	142	1134
n04612026_770	4612026.00077	142	1135
n04612026_7911	4612026.007911	142	1136
n07734017_11666	7734017.011666	143	1137
n07734017_12439	7734017.012439	143	1138
n07734017_18410	7734017.01841	143	1139
n07734017_2386	7734017.002386	143	1140
n07734017_4118	7734017.004118	143	1141
n07734017_6281	7734017.006281	143	1142
n07734017_7308	7734017.007308	143	1143
n07734017_8706	7734017.008706	143	1144
n07734744_13895	7734744.013895	144	1145
n07734744_18574	7734744.018574	144	1146
n07734744_5146	7734744.005146	144	1147
n07734744_5653	7734744.005653	144	1148
n07734744_6229	7734744.006229	144	1149
n07734744_6691	7734744.006691	144	1150
n07734744_8048	7734744.008048	144	1151
n07734744_8647	7734744.008647	144	1152
n07756951_13102	7756951.013102	145	1153
n07756951_14073	7756951.014073	145	1154
n07756951_15064	7756951.015064	145	1155
n07756951_15873	7756951.015873	145	1156
n07756951_17047	7756951.017047	145	1157
n07756951_17656	7756951.017656	145	1158
n07756951_18174	7756951.018174	145	1159
n07756951_9462	7756951.009462	145	1160
n07758680_11558	7758680.011558	146	1161
n07758680_12418	7758680.012418	146	1162
n07758680_13497	7758680.013497	146	1163
n07758680_14681	7758680.014681	146	1164
n07758680_15982	7758680.015982	146	1165
n07758680_17888	7758680.017888	146	1166
n07758680_19085	7758680.019085	146	1167
n07758680_22370	7758680.02237	146	1168
n11978233_16933	11978233.016933	147	1169
n11978233_18962	11978233.018962	147	1170
n11978233_20269	11978233.020269	147	1171
n11978233_25018	11978233.025018	147	1172
n11978233_26590	11978233.02659	147	1173
n11978233_28156	11978233.028156	147	1174
n11978233_41489	11978233.041489	147	1175
n11978233_42157	11978233.042157	147	1176
n12582231_18321	12582231.018321	148	1177
n12582231_20158	12582231.020158	148	1178
n12582231_21170	12582231.02117	148	1179
n12582231_24598	12582231.024598	148	1180
n12582231_27245	12582231.027245	148	1181
n12582231_29287	12582231.029287	148	1182
n12582231_39329	12582231.039329	148	1183
n12582231_44661	12582231.044661	148	1184
n12596148_3502	12596148.003502	149	1185
n12596148_4136	12596148.004136	149	1186
n12596148_4874	12596148.004874	149	1187
n12596148_5651	12596148.005651	149	1188
n12596148_6386	12596148.006386	149	1189
n12596148_6943	12596148.006943	149	1190
n12596148_7468	12596148.007468	149	1191
n12596148_9625	12596148.009625	149	1192
n13111881_10917	13111881.010917	150	1193
n13111881_11914	13111881.011914	150	1194
n13111881_15726	13111881.015726	150	1195
n13111881_28475	13111881.028475	150	1196
n13111881_6054	13111881.006054	150	1197
n13111881_6560	13111881.00656	150	1198
n13111881_7817	13111881.007817	150	1199
n13111881_9170	13111881.00917	150	1200
